customer,age,merchant,category,amount,fraud
'C1085056650','1','M348875670','es_hotelservices',114.54,0
'C447271561','3','M855959430','es_hyper',2.09,0
'C181787207','3','M1873032707','es_hotelservices',71.76,0
'C1082594377','2','M980657600','es_sportsandtoys',88.2,0
'C715527139','1','M480139044','es_health',44.14,0
'C843090653','4','M855959430','es_hyper',57.28,0
'C1817318774','2','M980657600','es_sportsandtoys',106.29,0
'C166353588','2','M1535107174','es_wellnessandbeauty',21.03,0
'C1413774656','2','M692898500','es_health',15.04,0
'C359363895','6','M1649169323','es_sportsandtoys',139.95,0
'C913841043','3','M480139044','es_health',200.36,0
'C1717543260','3','M151143676','es_barsandrestaurants',9.34,0
'C1510535804','3','M151143676','es_barsandrestaurants',66.07,0
'C1428252955','1','M1741626453','es_sportsandtoys',73.8,0
'C251449240','3','M855959430','es_hyper',35.8,0
'C510046708','6','M480139044','es_health',204.21,0
'C717773873','2','M480139044','es_health',99.2,0
'C496697462','4','M547558035','es_fashion',38.76,0
'C444370508','5','M151143676','es_barsandrestaurants',46.16,0
'C1648096390','5','M480139044','es_health',76.08,0
'C109617474','2','M1649169323','es_sportsandtoys',133.98,0
'C1477378413','3','M1198415165','es_wellnessandbeauty',1.47,0
'C260927654','4','M1741626453','es_sportsandtoys',73.14,0
'C1080719046','3','M855959430','es_hyper',2.38,0
'C1802714004','2','M1535107174','es_wellnessandbeauty',76.74,0
'C514238360','4','M480139044','es_health',9.11,0
'C257664421','4','M980657600','es_sportsandtoys',65.42,0
'C1850482225','4','M547558035','es_fashion',20.5,0
'C533940472','3','M480139044','es_health',138.01,0
'C1969886762','4','M1649169323','es_sportsandtoys',25.79,0
'C39112485','6','M151143676','es_barsandrestaurants',26.55,0
'C632643861','2','M480139044','es_health',234.82,0
'C2137381129','1','M480139044','es_health',380.78,0
'C1736027541','3','M1535107174','es_wellnessandbeauty',98.65,0
'C440694138','2','M547558035','es_fashion',26.47,0
'C345996643','2','M480139044','es_health',405.9,0
'C431496464','2','M692898500','es_health',33.53,0
'C85388733','3','M495352832','es_travel',1267.99,0
'C1647495093','3','M480139044','es_health',4.56,0
'C912671040','1','M547558035','es_fashion',12.43,0
'C995844287','5','M151143676','es_barsandrestaurants',27.72,0
'C759236361','5','M980657600','es_sportsandtoys',62.55,0
'C245117318','3','M1888755466','es_otherservices',194.65,0
'C1476491893','3','M151143676','es_barsandrestaurants',101.51,0
'C1040405455','6','M1535107174','es_wellnessandbeauty',129.12,0
'C395414939','2','M1888755466','es_otherservices',161.39,0
'C808977147','2','M1352454843','es_hotelservices',73.83,0
'C1385354747','4','M980657600','es_sportsandtoys',154.69,0
'C1394454342','1','M50039827','es_health',10.04,0
'C801797246','2','M1198415165','es_wellnessandbeauty',44.02,0
'C490092965','2','M1649169323','es_sportsandtoys',202.73,0
'C1299496226','5','M855959430','es_hyper',138.16,0
'C278501873','2','M151143676','es_barsandrestaurants',40.88,0
'C1914057832','2','M855959430','es_hyper',60.08,0
'C26716153','1','M1649169323','es_sportsandtoys',159.49,0
'C1069635670','4','M480139044','es_health',124.61,0
'C1039035065','5','M1872033263','es_home',53.74,0
'C200882642','3','M480139044','es_health',1.42,0
'C208514238','3','M840466850','es_tech',112.26,0
'C1598533502','3','M1198415165','es_wellnessandbeauty',3.8,0
'C2112350124','1','M1535107174','es_wellnessandbeauty',48.91,0
'C74966273','2','M980657600','es_sportsandtoys',237.17,0
'C1509718305','1','M1872033263','es_home',114.03,0
'C1480193980','4','M1198415165','es_wellnessandbeauty',21.53,0
'C1045214627','2','M855959430','es_hyper',51.68,0
'C1847494890','3','M1741626453','es_sportsandtoys',132.12,0
'C1098443227','1','M50039827','es_health',60.7,0
'C476477241','4','M1600850729','es_fashion',163.87,0
'C133432771','2','M677738360','es_contents',104.82,0
'C1628244008','2','M692898500','es_health',397.61,0
'C1005126300','4','M1600850729','es_fashion',6.42,0
'C483485800','4','M1649169323','es_sportsandtoys',182.06,0
'C1237272991','2','M480139044','es_health',26.27,0
'C1791347994','3','M480139044','es_health',12.67,0
'C1383269171','1','M1649169323','es_sportsandtoys',33.52,0
'C1933962406','2','M855959430','es_hyper',46.6,0
'C1806422891','2','M1888755466','es_otherservices',14.58,0
'C739658140','2','M495352832','es_travel',1295.3,0
'C61142824','3','M1198415165','es_wellnessandbeauty',60.6,0
'C831905583','3','M692898500','es_health',16.5,0
'C287182059','4','M547558035','es_fashion',71.02,0
'C267009229','3','M209847108','es_wellnessandbeauty',1.34,0
'C130979586','2','M1198415165','es_wellnessandbeauty',12.48,0
'C279066833','2','M151143676','es_barsandrestaurants',57.47,0
'C445432762','4','M840466850','es_tech',57.8,0
'C706956926','2','M1741626453','es_sportsandtoys',105.47,0
'C332229910','4','M1872033263','es_home',63.98,0
'C411345215','1','M1198415165','es_wellnessandbeauty',41.0,0
'C1038879380','2','M855959430','es_hyper',3.78,0
'C783189419','0','M980657600','es_sportsandtoys',17.17,0
'C809005315','2','M1198415165','es_wellnessandbeauty',80.25,0
'C192974759','1','M50039827','es_health',9.01,0
'C220694569','3','M1913465890','es_health',211.61,0
'C1667002698','3','M1198415165','es_wellnessandbeauty',106.94,0
'C171498975','1','M151143676','es_barsandrestaurants',0.37,0
'C1609425799','1','M480139044','es_health',123.88,0
'C34948851','3','M855959430','es_hyper',83.07,0
'C760223382','3','M1400236507','es_home',184.81,0
'C782199851','2','M1649169323','es_sportsandtoys',151.73,0
'C1428252955','1','M480139044','es_health',192.53,0
'C1434853621','1','M1872033263','es_home',32.52,0
'C597262762','3','M1198415165','es_wellnessandbeauty',84.76,0
'C247537602','4','M840466850','es_tech',194.45,0
'C914243510','4','M855959430','es_hyper',11.97,0
'C588937224','1','M1198415165','es_wellnessandbeauty',69.05,0
'C825744832','2','M1649169323','es_sportsandtoys',54.84,0
'C1100289413','3','M1535107174','es_wellnessandbeauty',57.29,0
'C2128589842','3','M1872033263','es_home',278.7,0
'C1233802034','3','M1649169323','es_sportsandtoys',29.79,0
'C801797246','2','M480139044','es_health',35.61,0
'C132320296','2','M1888755466','es_otherservices',40.83,0
'C1767839998','2','M480139044','es_health',85.22,0
'C181787207','3','M151143676','es_barsandrestaurants',1.4,0
'C1788210321','2','M480139044','es_health',140.49,0
'C272748313','4','M855959430','es_hyper',3.29,0
'C483485800','4','M151143676','es_barsandrestaurants',63.18,0
'C189823798','5','M1535107174','es_wellnessandbeauty',56.32,0
'C1014313887','5','M151143676','es_barsandrestaurants',43.0,0
'C831905583','3','M547558035','es_fashion',186.22,0
'C1464489812','4','M980657600','es_sportsandtoys',42.92,0
'C1906711479','4','M1535107174','es_wellnessandbeauty',118.55,0
'C2031167542','2','M1872033263','es_home',142.25,0
'C515668508','3','M855959430','es_hyper',1.4,0
'C448612141','3','M855959430','es_hyper',49.61,0
'C758849918','2','M1535107174','es_wellnessandbeauty',63.45,0
'C2018553540','4','M151143676','es_barsandrestaurants',7.26,0
'C2093963973','2','M480139044','es_health',261.14,0
'C2073207955','3','M480139044','es_health',197.62,0
'C2073207955','3','M50039827','es_health',59.37,0
'C739589782','2','M1888755466','es_otherservices',38.21,0
'C182918114','5','M480139044','es_health',156.76,0
'C1767839998','2','M50039827','es_health',35.82,0
'C1656381290','1','M1888755466','es_otherservices',34.77,0
'C280778280','2','M1872033263','es_home',31.83,0
'C967677653','4','M1741626453','es_sportsandtoys',85.43,0
'C1174217921','3','M480139044','es_health',80.07,0
'C1100337763','2','M1741626453','es_sportsandtoys',119.08,0
'C645521146','3','M980657600','es_sportsandtoys',178.25,0
'C1871594117','1','M151143676','es_barsandrestaurants',81.26,0
'C809005315','2','M1198415165','es_wellnessandbeauty',21.74,0
'C20239039','2','M1198415165','es_wellnessandbeauty',51.14,0
'C1914582232','2','M1535107174','es_wellnessandbeauty',72.62,0
'C1850482225','4','M480139044','es_health',246.23,0
'C46027917','5','M547558035','es_fashion',26.61,0
'C1466730207','4','M1198415165','es_wellnessandbeauty',13.1,0
'C540538956','3','M1198415165','es_wellnessandbeauty',74.18,0
'C1744858817','6','M692898500','es_health',106.49,0
'C836959718','3','M1535107174','es_wellnessandbeauty',14.36,0
'C1338932459','2','M980657600','es_sportsandtoys',105.59,0
'C1312615175','4','M547558035','es_fashion',74.83,0
'C1516302826','3','M1198415165','es_wellnessandbeauty',17.59,0
'C1789457872','2','M45060432','es_hotelservices',141.47,0
'C341886098','5','M1352454843','es_hotelservices',41.69,0
'C2007848056','1','M980657600','es_sportsandtoys',1.85,0
'C943088790','2','M840466850','es_tech',33.27,0
'C2033860682','3','M923029380','es_home',153.65,0
'C1719044180','2','M151143676','es_barsandrestaurants',21.45,0
'C447373253','4','M1741626453','es_sportsandtoys',52.09,0
'C1747513604','6','M480139044','es_health',17.2,0
'C846889180','5','M1888755466','es_otherservices',1.67,0
'C190521845','3','M547558035','es_fashion',118.22,0
'C440694138','2','M1294758098','es_leisure',65.46,0
'C1814870538','3','M209847108','es_wellnessandbeauty',166.3,0
'C525850964','2','M547558035','es_fashion',158.33,0
'C1456179400','5','M480139044','es_health',94.24,0
'C2079453894','3','M349281107','es_fashion',35.18,0
'C1921196241','3','M151143676','es_barsandrestaurants',34.23,0
'C159675329','1','M1198415165','es_wellnessandbeauty',95.02,0
'C1428252955','1','M50039827','es_health',197.25,0
'C1453715655','1','M480139044','es_health',165.65,0
'C1986046665','2','M1198415165','es_wellnessandbeauty',26.17,0
'C1194290880','2','M480139044','es_health',23.59,0
'C1847111025','3','M840466850','es_tech',170.34,0
'C1873506157','1','M1198415165','es_wellnessandbeauty',37.45,0
'C2078039202','4','M1535107174','es_wellnessandbeauty',52.99,0
'C1663162700','2','M1535107174','es_wellnessandbeauty',86.28,0
'C546386486','3','M855959430','es_hyper',14.5,0
'C2027631548','2','M980657600','es_sportsandtoys',89.98,0
'C419754917','2','M1888755466','es_otherservices',20.13,0
'C1934886086','5','M855959430','es_hyper',29.85,0
'C1156188729','2','M209847108','es_wellnessandbeauty',29.51,0
'C800272493','2','M732195782','es_travel',388.53,0
'C625569664','4','M480139044','es_health',12.96,0
'C1474428806','3','M151143676','es_barsandrestaurants',145.2,0
'C274747841','2','M855959430','es_hyper',26.53,0
'C1978080967','2','M2122776122','es_home',67.2,0
'C638119430','4','M855959430','es_hyper',30.83,0
'C1353625448','2','M1888755466','es_otherservices',219.83,0
'C1979396384','2','M1649169323','es_sportsandtoys',117.57,0
'C483485800','4','M45060432','es_hotelservices',187.27,0
'C450299456','2','M1535107174','es_wellnessandbeauty',16.76,0
'C450299456','2','M1198415165','es_wellnessandbeauty',42.21,0
'C105845174','3','M1352454843','es_hotelservices',127.24,0
'C168710517','4','M1535107174','es_wellnessandbeauty',97.11,0
'C902837455','3','M1649169323','es_sportsandtoys',22.33,0
'C1176114065','2','M209847108','es_wellnessandbeauty',123.35,0
'C230958403','2','M1198415165','es_wellnessandbeauty',25.21,0
'C1312615175','4','M480139044','es_health',189.56,0
'C1702053445','4','M480139044','es_health',45.3,0
'C232517457','5','M855959430','es_hyper',38.03,0
'C1175419672','2','M732195782','es_travel',339.49,0
'C100045114','4','M480139044','es_health',35.88,0
'C1667161948','3','M480139044','es_health',37.72,0
'C323852731','2','M348875670','es_hotelservices',139.28,0
'C1692355722','2','M855959430','es_hyper',94.6,0
'C287182059','4','M480139044','es_health',126.17,0
'C1386324281','2','M547558035','es_fashion',55.95,0
'C150273597','4','M840466850','es_tech',103.58,0
'C873821675','4','M855959430','es_hyper',34.3,0
'C53497422','3','M1198415165','es_wellnessandbeauty',107.51,0
'C1350793893','1','M855959430','es_hyper',56.65,0
'C1394454342','1','M1888755466','es_otherservices',59.43,0
'C1459624061','4','M45060432','es_hotelservices',131.01,0
'C1152092987','3','M692898500','es_health',127.85,0
'C1803182614','2','M480139044','es_health',96.79,0
'C1472480119','2','M1535107174','es_wellnessandbeauty',107.0,0
'C61142824','3','M547558035','es_fashion',77.13,0
'C2020967123','3','M151143676','es_barsandrestaurants',49.55,0
'C2144562698','1','M480139044','es_health',59.19,0
'C538394574','2','M480139044','es_health',278.5,0
'C64314422','3','M1888755466','es_otherservices',3.58,0
'C1317710133','3','M50039827','es_health',106.95,0
'C354729496','4','M480139044','es_health',120.84,0
'C660232446','4','M50039827','es_health',97.47,0
'C1497135910','2','M480139044','es_health',116.95,0
'C1461183154','5','M547558035','es_fashion',75.94,0
'C662015024','3','M1888755466','es_otherservices',8.76,0
'C140648396','3','M480139044','es_health',69.58,0
'C2016997607','2','M1600850729','es_fashion',88.8,0
'C1382187685','1','M1600850729','es_fashion',14.77,0
'C1562991705','5','M209847108','es_wellnessandbeauty',43.83,0
'C374053775','3','M855959430','es_hyper',59.24,0
'C1546278193','2','M1198415165','es_wellnessandbeauty',26.35,0
'C243130666','4','M547558035','es_fashion',35.23,0
'C1338572942','2','M547558035','es_fashion',85.38,0
'C848738212','4','M480139044','es_health',34.75,0
'C1626218926','4','M480139044','es_health',51.86,0
'C403994735','3','M1741626453','es_sportsandtoys',30.33,0
'C2002713196','2','M480139044','es_health',107.9,0
'C616528518','4','M151143676','es_barsandrestaurants',104.91,0
'C1387070447','2','M97925176','es_wellnessandbeauty',5.9,0
'C1509106340','4','M980657600','es_sportsandtoys',207.9,0
'C1424475955','3','M1352454843','es_hotelservices',49.25,0
'C648063518','3','M1649169323','es_sportsandtoys',209.58,0
'C882083718','3','M1888755466','es_otherservices',34.14,0
'C289653430','1','M692898500','es_health',125.7,0
'C447271561','3','M855959430','es_hyper',24.43,0
'C909582983','3','M480139044','es_health',83.63,0
'C1233802034','3','M480139044','es_health',158.9,0
'C604267980','3','M480139044','es_health',48.07,0
'C906611945','2','M1649169323','es_sportsandtoys',149.29,0
'C1100337763','2','M50039827','es_health',14.01,0
'C1653588482','2','M1535107174','es_wellnessandbeauty',25.78,0
'C700553509','2','M1741626453','es_sportsandtoys',130.11,0
'C1930258744','4','M677738360','es_contents',77.48,0
'C436675850','4','M1872033263','es_home',107.63,0
'C1080032135','6','M1198415165','es_wellnessandbeauty',108.65,0
'C739658140','2','M1535107174','es_wellnessandbeauty',27.59,0
'C497246334','6','M2122776122','es_home',104.49,0
'C1340398290','4','M1649169323','es_sportsandtoys',118.78,0
'C1271627744','4','M1741626453','es_sportsandtoys',72.0,0
'C1175684338','2','M855959430','es_hyper',58.78,0
'C1734862058','4','M480139044','es_health',223.83,0
'C393216567','5','M151143676','es_barsandrestaurants',73.23,0
'C722922832','2','M547558035','es_fashion',109.87,0
'C1100289413','3','M151143676','es_barsandrestaurants',34.22,0
'C515794745','6','M480139044','es_health',29.06,0
'C490092965','2','M1649169323','es_sportsandtoys',162.43,0
'C1715338428','2','M151143676','es_barsandrestaurants',88.06,0
'C1837295173','2','M349281107','es_fashion',187.47,0
'C1820624068','1','M1535107174','es_wellnessandbeauty',89.79,0
'C1820624068','1','M1198415165','es_wellnessandbeauty',73.57,0
'C1237709469','1','M480139044','es_health',67.72,0
'C1013199152','4','M1741626453','es_sportsandtoys',143.67,0
'C1928450094','2','M677738360','es_contents',16.91,0
'C274026379','0','M209847108','es_wellnessandbeauty',74.17,0
'C882083718','3','M1888755466','es_otherservices',79.15,0
'C1791014902','4','M480139044','es_health',147.59,0
'C296571542','2','M209847108','es_wellnessandbeauty',124.97,0
'C1902378891','5','M1649169323','es_sportsandtoys',21.24,0
'C1100337763','2','M692898500','es_health',82.0,0
'C194016923','3','M855959430','es_hyper',74.5,0
'C2007848056','1','M692898500','es_health',57.91,0
'C1038879380','2','M855959430','es_hyper',75.56,0
'C1490048317','6','M50039827','es_health',62.28,0
'C190521845','3','M480139044','es_health',21.64,0
'C1342849651','1','M1535107174','es_wellnessandbeauty',58.68,0
'C2128712024','2','M480139044','es_health',150.08,0
'C1918088317','1','M1535107174','es_wellnessandbeauty',45.83,0
'C1655037147','2','M692898500','es_health',127.94,0
'C2114634161','3','M480139044','es_health',58.17,0
'C1921248691','0','M151143676','es_barsandrestaurants',93.02,0
'C1269217373','2','M1888755466','es_otherservices',20.81,0
'C522845009','5','M480139044','es_health',125.17,0
'C843090653','4','M1649169323','es_sportsandtoys',125.06,0
'C2012683959','2','M349281107','es_fashion',39.6,0
'C615816786','2','M480139044','es_health',5.05,0
'C279399121','3','M2122776122','es_home',110.82,0
'C440111595','2','M855959430','es_hyper',25.33,0
'C189823798','5','M1198415165','es_wellnessandbeauty',85.49,0
'C1387946894','6','M480139044','es_health',94.44,0
'C1014313887','5','M151143676','es_barsandrestaurants',109.67,0
'C85388733','3','M480139044','es_health',52.34,0
'C1855338494','4','M209847108','es_wellnessandbeauty',3.82,0
'C331622323','4','M840466850','es_tech',68.51,0
'C1051356798','2','M1649169323','es_sportsandtoys',237.53,0
'C251875213','2','M349281107','es_fashion',117.69,0
'C441400844','3','M480139044','es_health',232.74,0
'C1590275312','2','M1535107174','es_wellnessandbeauty',93.79,0
'C2093963973','2','M50039827','es_health',41.43,0
'C404075543','4','M1741626453','es_sportsandtoys',11.73,0
'C1793075309','5','M855959430','es_hyper',124.45,0
'C1246760376','3','M855959430','es_hyper',23.08,0
'C757234945','3','M480139044','es_health',89.76,0
'C1660830591','1','M1649169323','es_sportsandtoys',132.28,0
'C1305161735','6','M480139044','es_health',199.04,0
'C1345586046','1','M547558035','es_fashion',13.29,0
'C660232446','4','M480139044','es_health',145.06,0
'C373733261','4','M1198415165','es_wellnessandbeauty',27.17,0
'C1715338428','2','M151143676','es_barsandrestaurants',19.88,0
'C1777502922','2','M50039827','es_health',194.35,0
'C1927849279','2','M1535107174','es_wellnessandbeauty',56.15,0
'C1394467199','3','M1888755466','es_otherservices',17.3,0
'C619464090','5','M980657600','es_sportsandtoys',28.92,0
'C1280960686','2','M1872033263','es_home',119.1,0
'C1850870588','2','M348875670','es_hotelservices',131.95,0
'C711859898','3','M97925176','es_wellnessandbeauty',75.02,0
'C966335674','3','M1535107174','es_wellnessandbeauty',26.77,0
'C2110878299','3','M1649169323','es_sportsandtoys',62.04,0
'C1789457872','2','M1416436880','es_tech',141.26,0
'C1273015960','2','M1198415165','es_wellnessandbeauty',62.26,0
'C473451132','2','M547558035','es_fashion',97.69,0
'C2112563194','2','M1400236507','es_home',275.11,0
'C296571542','2','M855959430','es_hyper',44.84,0
'C447509116','3','M1649169323','es_sportsandtoys',181.22,0
'C1312615175','4','M50039827','es_health',101.94,0
'C1561307190','3','M1600850729','es_fashion',113.11,0
'C1213984358','2','M480139044','es_health',46.19,0
'C1897566795','3','M2122776122','es_home',238.44,0
'C1066003783','3','M480139044','es_health',78.55,0
'C811312110','3','M480139044','es_health',34.03,0
'C1156188729','2','M209847108','es_wellnessandbeauty',39.79,0
'C969824969','4','M480139044','es_health',157.51,0
'C1903005844','2','M1872033263','es_home',88.86,0
'C715527139','1','M980657600','es_sportsandtoys',172.54,0
'C30024621','2','M349281107','es_fashion',77.43,0
'C407368472','3','M151143676','es_barsandrestaurants',16.53,0
'C150523972','6','M1198415165','es_wellnessandbeauty',59.96,0
'C2095975270','5','M1888755466','es_otherservices',125.75,0
'C366397964','2','M50039827','es_health',2.17,0
'C1686098746','0','M480139044','es_health',9.94,0
'C1228110352','1','M2122776122','es_home',71.74,0
'C967790734','4','M1535107174','es_wellnessandbeauty',145.67,0
'C446179646','5','M151143676','es_barsandrestaurants',87.37,0
'C366397964','2','M547558035','es_fashion',38.32,0
'C911364935','3','M209847108','es_wellnessandbeauty',53.56,0
'C1871220408','2','M480139044','es_health',60.7,0
'C1449000407','2','M1872033263','es_home',32.5,0
'C189483600','2','M980657600','es_sportsandtoys',35.68,0
'C389212629','2','M480139044','es_health',84.97,0
'C1174217921','3','M1741626453','es_sportsandtoys',152.18,0
'C1541237057','2','M855959430','es_hyper',14.42,0
'C1918088317','1','M1198415165','es_wellnessandbeauty',6.91,0
'C1386324281','2','M1198415165','es_wellnessandbeauty',3.65,0
'C1233360048','2','M1888755466','es_otherservices',20.75,0
'C1647801193','4','M840466850','es_tech',131.82,0
'C353418507','4','M480139044','es_health',224.76,0
'C2085186254','1','M480139044','es_health',64.12,0
'C11116138','2','M349281107','es_fashion',83.58,0
'C296571542','2','M855959430','es_hyper',39.71,0
'C989321907','4','M1888755466','es_otherservices',25.98,0
'C1187353931','5','M50039827','es_health',310.91,0
'C1602759549','2','M1352454843','es_hotelservices',120.29,0
'C347987512','2','M855959430','es_hyper',101.02,0
'C1561544871','1','M151143676','es_barsandrestaurants',3.02,0
'C1606614105','4','M1649169323','es_sportsandtoys',33.17,0
'C732771224','4','M855959430','es_hyper',41.35,0
'C1491518488','5','M855959430','es_hyper',57.29,0
'C1383269171','1','M1600850729','es_fashion',97.47,0
'C1572610482','3','M2122776122','es_home',44.05,0
'C615816786','2','M480139044','es_health',110.69,0
'C911364935','3','M209847108','es_wellnessandbeauty',71.95,0
'C678324895','3','M547558035','es_fashion',70.05,0
'C106931168','3','M547558035','es_fashion',31.19,0
'C1744581762','3','M45060432','es_hotelservices',91.89,0
'C1634492186','3','M1649169323','es_sportsandtoys',16.31,0
'C819690995','5','M1649169323','es_sportsandtoys',56.24,0
'C1051985937','2','M348875670','es_hotelservices',191.52,0
'C1236533874','2','M840466850','es_tech',36.28,0
'C961515074','3','M855959430','es_hyper',36.77,0
'C1079965849','2','M1741626453','es_sportsandtoys',73.69,0
'C1152092987','3','M547558035','es_fashion',48.75,0
'C100045114','4','M547558035','es_fashion',125.87,0
'C823680818','3','M1741626453','es_sportsandtoys',41.11,0
'C582688427','5','M1649169323','es_sportsandtoys',10.64,0
'C1278181986','2','M855959430','es_hyper',4.77,0
'C1728122351','3','M1888755466','es_otherservices',6.24,0
'C1523854098','4','M1888755466','es_otherservices',62.17,0
'C375459759','2','M480139044','es_health',176.84,0
'C864134074','4','M1198415165','es_wellnessandbeauty',66.12,0
'C1835412106','2','M1535107174','es_wellnessandbeauty',58.44,0
'C1354206365','2','M855959430','es_hyper',122.39,0
'C1837295173','2','M349281107','es_fashion',75.86,0
'C1503009287','2','M1198415165','es_wellnessandbeauty',88.09,0
'C228319796','2','M1198415165','es_wellnessandbeauty',73.93,0
'C1415704373','3','M980657600','es_sportsandtoys',17.27,0
'C907777350','1','M45060432','es_hotelservices',203.7,0
'C1993791093','5','M3697346','es_leisure',68.02,0
'C515668508','3','M855959430','es_hyper',39.88,0
'C1914057832','2','M1649169323','es_sportsandtoys',224.37,0
'C616528518','4','M151143676','es_barsandrestaurants',15.69,0
'C481108455','3','M151143676','es_barsandrestaurants',18.18,0
'C1350068848','4','M855959430','es_hyper',14.66,0
'C310220915','3','M151143676','es_barsandrestaurants',31.01,0
'C2051369004','2','M1198415165','es_wellnessandbeauty',68.02,0
'C879260717','2','M480139044','es_health',98.45,0
'C1990341771','4','M480139044','es_health',36.87,0
'C1038277619','6','M480139044','es_health',20.55,0
'C2090486181','4','M45060432','es_hotelservices',54.08,0
'C2093963973','2','M980657600','es_sportsandtoys',181.09,0
'C846889180','5','M1888755466','es_otherservices',34.8,0
'C1463356115','4','M1600850729','es_fashion',19.98,0
'C814878326','3','M1649169323','es_sportsandtoys',207.39,0
'C1929167055','4','M855959430','es_hyper',14.26,0
'C1452020181','5','M1649169323','es_sportsandtoys',97.98,0
'C1535009453','4','M78078399','es_wellnessandbeauty',140.38,0
'C460218551','6','M45060432','es_hotelservices',3.66,0
'C1572610482','3','M1198415165','es_wellnessandbeauty',29.19,0
'C1037622786','3','M1649169323','es_sportsandtoys',131.68,0
'C912671040','1','M348875670','es_hotelservices',223.43,0
'C1469520420','3','M1741626453','es_sportsandtoys',10.15,0
'C1732609230','3','M855959430','es_hyper',78.19,0
'C235542568','2','M855959430','es_hyper',63.66,0
'C1156808163','3','M480139044','es_health',130.85,0
'C222098023','3','M1913465890','es_health',32.74,0
'C1314174420','2','M2122776122','es_home',70.11,0
'C1653588482','2','M980657600','es_sportsandtoys',142.95,0
'C234264885','3','M480139044','es_health',203.53,0
'C234264885','3','M50039827','es_health',95.64,0
'C2014915363','2','M547558035','es_fashion',75.15,0
'C1394467199','3','M1888755466','es_otherservices',33.22,0
'C1394454342','1','M1888755466','es_otherservices',43.71,0
'C1467731939','3','M840466850','es_tech',183.51,0
'C1273110804','4','M1649169323','es_sportsandtoys',242.9,0
'C1273110804','4','M1788569036','es_sportsandtoys',188.88,0
'C1123627503','0','M1600850729','es_fashion',92.26,0
'C2051369004','2','M480139044','es_health',137.72,0
'C1655037147','2','M1198415165','es_wellnessandbeauty',78.79,0
'C1175850429','4','M480139044','es_health',42.44,0
'C440694138','2','M480139044','es_health',18.33,0
'C1387946894','6','M1198415165','es_wellnessandbeauty',111.93,0
'C218446443','2','M1535107174','es_wellnessandbeauty',32.87,0
'C1143300850','1','M1946091778','es_wellnessandbeauty',66.74,0
'C1372889664','5','M1888755466','es_otherservices',48.14,0
'C1402203755','3','M151143676','es_barsandrestaurants',53.52,0
'C1156745710','1','M1535107174','es_wellnessandbeauty',31.99,0
'C1911908507','2','M1888755466','es_otherservices',84.4,0
'C1408489165','2','M97925176','es_wellnessandbeauty',11.97,0
'C380564257','3','M855959430','es_hyper',23.35,0
'C738091100','2','M1535107174','es_wellnessandbeauty',100.57,0
'C1791793827','4','M1198415165','es_wellnessandbeauty',41.93,0
'C309780280','1','M349281107','es_fashion',24.57,0
'C278484907','2','M1198415165','es_wellnessandbeauty',31.88,0
'C612005121','3','M1649169323','es_sportsandtoys',54.63,0
'C1409858085','2','M97925176','es_wellnessandbeauty',8.62,0
'C599638364','4','M1198415165','es_wellnessandbeauty',107.61,0
'C206142588','4','M1400236507','es_home',25.63,0
'C345996643','2','M50039827','es_health',133.52,0
'C20274793','3','M349281107','es_fashion',39.68,0
'C140234280','2','M151143676','es_barsandrestaurants',124.98,0
'C895429374','2','M151143676','es_barsandrestaurants',32.36,0
'C1345265337','2','M855959430','es_hyper',89.84,0
'C1139944236','2','M97925176','es_wellnessandbeauty',67.15,0
'C1826105311','3','M855959430','es_hyper',72.46,0
'C571527976','4','M855959430','es_hyper',51.34,0
'C714086473','3','M1888755466','es_otherservices',57.28,0
'C680687990','4','M1649169323','es_sportsandtoys',74.09,0
'C1992185297','3','M1888755466','es_otherservices',48.2,0
'C118836015','1','M855959430','es_hyper',55.31,0
'C1334045764','3','M1535107174','es_wellnessandbeauty',33.16,0
'C1914083426','2','M1198415165','es_wellnessandbeauty',98.24,0
'C1743327214','2','M1649169323','es_sportsandtoys',93.13,0
'C1780824451','5','M1198415165','es_wellnessandbeauty',117.05,0
'C1689346810','4','M480139044','es_health',176.93,0
'C115986226','2','M480139044','es_health',1.48,0
'C1580753738','5','M547558035','es_fashion',2.9,0
'C1651034737','3','M480139044','es_health',149.86,0
'C1609425799','1','M2011752106','es_hotelservices',74.6,0
'C1619197936','3','M480139044','es_health',106.78,0
'C2128263275','2','M480139044','es_health',11.58,0
'C2128263275','2','M50039827','es_health',125.31,0
'C1342849651','1','M480139044','es_health',110.55,0
'C2055156879','3','M1352454843','es_hotelservices',153.96,0
'C1973203074','4','M1649169323','es_sportsandtoys',244.77,0
'C611520731','4','M480139044','es_health',313.58,0
'C1617547021','3','M480139044','es_health',23.22,0
'C71746980','1','M1888755466','es_otherservices',2.33,0
'C1100289413','3','M151143676','es_barsandrestaurants',65.34,0
'C1871220408','2','M2122776122','es_home',134.11,0
'C1294166760','3','M1888755466','es_otherservices',28.24,0
'C1237709469','1','M1198415165','es_wellnessandbeauty',84.99,0
'C836959718','3','M50039827','es_health',185.14,0
'C1744581762','3','M1400236507','es_home',158.15,0
'C1069635670','4','M980657600','es_sportsandtoys',77.37,0
'C761606185','2','M1198415165','es_wellnessandbeauty',22.57,0
'C1503009287','2','M1888755466','es_otherservices',29.89,0
'C831378949','2','M78078399','es_wellnessandbeauty',81.18,0
'C2084267589','3','M677738360','es_contents',61.06,0
'C399061526','2','M209847108','es_wellnessandbeauty',72.58,0
'C759940472','2','M151143676','es_barsandrestaurants',71.27,0
'C1949440316','2','M1416436880','es_tech',33.33,0
'C677660361','5','M1649169323','es_sportsandtoys',141.13,0
'C11116138','2','M349281107','es_fashion',7.86,0
'C472989518','3','M855959430','es_hyper',64.79,0
'C1869142879','5','M1198415165','es_wellnessandbeauty',17.2,0
'C629808856','3','M547558035','es_fashion',146.67,0
'C689850593','3','M855959430','es_hyper',66.94,0
'C813347783','1','M1198415165','es_wellnessandbeauty',123.5,0
'C2058916086','2','M209847108','es_wellnessandbeauty',104.1,0
'C1511497789','1','M151143676','es_barsandrestaurants',61.14,0
'C1903856065','1','M855959430','es_hyper',37.82,0
'C1389188684','5','M50039827','es_health',215.39,0
'C911078435','2','M855959430','es_hyper',76.22,0
'C286547187','2','M78078399','es_wellnessandbeauty',21.08,0
'C1747786179','4','M1535107174','es_wellnessandbeauty',30.93,0
'C1573211398','3','M855959430','es_hyper',56.69,0
'C364273844','3','M480139044','es_health',245.28,0
'C1883962820','3','M1535107174','es_wellnessandbeauty',22.41,0
'C1432825682','3','M1649169323','es_sportsandtoys',52.1,0
'C617323407','3','M151143676','es_barsandrestaurants',41.95,0
'C2029229218','3','M923029380','es_home',144.71,0
'C540538956','3','M980657600','es_sportsandtoys',26.06,0
'C449179311','2','M1535107174','es_wellnessandbeauty',4.36,0
'C1414374774','5','M480139044','es_health',63.44,0
'C967677653','4','M480139044','es_health',33.43,0
'C1360265061','2','M50039827','es_health',171.51,0
'C2103685620','3','M855959430','es_hyper',40.18,0
'C1408489165','2','M97925176','es_wellnessandbeauty',7.3,0
'C1993791093','5','M855959430','es_hyper',58.76,0
'C1237476993','1','M1198415165','es_wellnessandbeauty',12.57,0
'C928090253','3','M480139044','es_health',98.27,0
'C586110529','3','M1198415165','es_wellnessandbeauty',22.05,0
'C1787239285','1','M1788569036','es_sportsandtoys',137.77,0
'C911078435','2','M855959430','es_hyper',18.84,0
'C1112424232','3','M349281107','es_fashion',64.9,0
'C1234264195','5','M1649169323','es_sportsandtoys',146.6,0
'C1890075917','2','M1535107174','es_wellnessandbeauty',15.27,0
'C1890075917','2','M1198415165','es_wellnessandbeauty',12.31,0
'C958780730','4','M45060432','es_hotelservices',2.58,0
'C926583171','2','M1649169323','es_sportsandtoys',58.93,0
'C2092733799','2','M349281107','es_fashion',12.1,0
'C1429394820','3','M1313686961','es_contents',46.6,0
'C1213002113','1','M1352454843','es_hotelservices',108.83,0
'C1464489812','4','M480139044','es_health',25.15,0
'C2059060401','2','M50039827','es_health',10.58,0
'C630302845','3','M480139044','es_health',10.21,0
'C1276892406','4','M209847108','es_wellnessandbeauty',69.65,0
'C1523732855','2','M480139044','es_health',90.2,0
'C1289997724','4','M692898500','es_health',131.84,0
'C351144071','2','M480139044','es_health',4.13,0
'C998690782','2','M855959430','es_hyper',50.89,0
'C1046896257','4','M349281107','es_fashion',23.47,0
'C611520731','4','M480139044','es_health',164.95,0
'C245019752','2','M855959430','es_hyper',36.36,0
'C1760524265','2','M1888755466','es_otherservices',163.92,0
'C811638781','2','M480139044','es_health',83.95,0
'C1373973501','4','M1649169323','es_sportsandtoys',64.05,0
'C718589253','1','M480139044','es_health',134.92,0
'C1021409246','2','M855959430','es_hyper',16.63,0
'C1175850429','4','M692898500','es_health',104.02,0
'C71746980','1','M480139044','es_health',236.3,0
'C1082732879','2','M855959430','es_hyper',58.83,0
'C312053639','3','M1400236507','es_home',153.88,0
'C1309403692','3','M1888755466','es_otherservices',17.74,0
'C864252220','3','M1535107174','es_wellnessandbeauty',76.19,0
'C1914582232','2','M692898500','es_health',116.61,0
'C842993265','2','M1649169323','es_sportsandtoys',224.04,0
'C834963773','5','M1913465890','es_health',127.46,0
'C1242686524','2','M480139044','es_health',160.34,0
'C1501124312','4','M1198415165','es_wellnessandbeauty',89.21,0
'C272748313','4','M209847108','es_wellnessandbeauty',17.06,0
'C1734862058','4','M1535107174','es_wellnessandbeauty',173.27,0
'C968861433','4','M1400236507','es_home',2.97,0
'C1605182199','3','M1741626453','es_sportsandtoys',87.0,0
'C1872482068','4','M45060432','es_hotelservices',82.49,0
'C1711371239','2','M50039827','es_health',149.9,0
'C1453917071','5','M547558035','es_fashion',35.62,0
'C810002129','2','M1198415165','es_wellnessandbeauty',52.48,0
'C806399525','2','M1535107174','es_wellnessandbeauty',4.63,0
'C1143401925','1','M1535107174','es_wellnessandbeauty',58.57,0
'C1345586046','1','M480139044','es_health',104.43,0
'C1949469724','3','M45060432','es_hotelservices',161.49,0
'C278484907','2','M980657600','es_sportsandtoys',53.92,0
'C2085186254','1','M1198415165','es_wellnessandbeauty',16.36,0
'C2017390387','1','M980657600','es_sportsandtoys',52.25,0
'C236932311','2','M1198415165','es_wellnessandbeauty',64.61,0
'C868607067','1','M480139044','es_health',183.45,0
'C994449484','4','M480139044','es_health',180.86,0
'C909053762','6','M480139044','es_health',24.23,0
'C1869939691','4','M1198415165','es_wellnessandbeauty',20.42,0
'C288727438','2','M692898500','es_health',45.02,0
'C1817842389','5','M1198415165','es_wellnessandbeauty',78.25,0
'C1161671147','2','M1649169323','es_sportsandtoys',35.23,0
'C790593937','3','M1649169323','es_sportsandtoys',3.11,0
'C1589138432','4','M855959430','es_hyper',14.13,0
'C1476138873','5','M1400236507','es_home',165.18,0
'C1855693993','4','M2122776122','es_home',170.22,0
'C663226052','3','M855959430','es_hyper',42.05,0
'C1468773146','3','M45060432','es_hotelservices',148.52,0
'C1100570635','4','M1946091778','es_wellnessandbeauty',2.25,0
'C260840933','2','M1649169323','es_sportsandtoys',210.62,0
'C706757729','3','M855959430','es_hyper',40.44,0
'C2087229084','2','M980657600','es_sportsandtoys',23.91,0
'C1014347664','6','M151143676','es_barsandrestaurants',25.08,0
'C591563666','4','M480139044','es_health',89.86,0
'C1857263556','1','M855959430','es_hyper',25.6,0
'C1819254965','6','M45060432','es_hotelservices',64.38,0
'C56852547','3','M692898500','es_health',167.65,0
'C923543549','4','M1198415165','es_wellnessandbeauty',21.46,0
'C1269217373','2','M480139044','es_health',218.38,0
'C526635102','2','M1872033263','es_home',111.39,0
'C617323407','3','M209847108','es_wellnessandbeauty',31.18,0
'C1186894186','2','M97925176','es_wellnessandbeauty',10.57,0
'C1100289413','3','M151143676','es_barsandrestaurants',63.19,0
'C188084843','2','M1198415165','es_wellnessandbeauty',105.13,0
'C1694039833','6','M1198415165','es_wellnessandbeauty',8.55,0
'C1813956515','1','M45060432','es_hotelservices',94.93,0
'C1561544871','1','M1649169323','es_sportsandtoys',42.81,0
'C115986226','2','M2122776122','es_home',291.45,0
'C2116616608','4','M1649169323','es_sportsandtoys',54.89,0
'C1369559766','3','M97925176','es_wellnessandbeauty',28.82,0
'C962830776','2','M1872033263','es_home',51.23,0
'C1043677034','2','M1872033263','es_home',82.44,0
'C591563666','4','M480139044','es_health',95.2,0
'C115603187','4','M209847108','es_wellnessandbeauty',71.74,0
'C576453501','4','M97925176','es_wellnessandbeauty',93.59,0
'C1249070059','2','M50039827','es_health',128.4,0
'C1642125108','3','M480139044','es_health',32.6,0
'C19820082','5','M78078399','es_wellnessandbeauty',117.41,0
'C93241312','4','M78078399','es_wellnessandbeauty',108.68,0
'C722922832','2','M50039827','es_health',138.88,0
'C851871528','1','M1400236507','es_home',130.56,0
'C629942205','2','M50039827','es_health',155.88,0
'C1499363341','5','M855959430','es_hyper',77.77,0
'C531109799','5','M547558035','es_fashion',102.19,0
'C1589138432','4','M855959430','es_hyper',48.65,0
'C993553940','2','M1600850729','es_fashion',26.58,0
'C2059060401','2','M50039827','es_health',61.57,0
'C1351458855','3','M1400236507','es_home',182.38,0
'C1334045764','3','M1198415165','es_wellnessandbeauty',56.5,0
'C1333401746','3','M1535107174','es_wellnessandbeauty',52.86,0
'C507185945','2','M547558035','es_fashion',78.15,0
'C1706918687','2','M1649169323','es_sportsandtoys',26.01,0
'C583110837','3','M209847108','es_wellnessandbeauty',78.52,0
'C198230909','4','M78078399','es_wellnessandbeauty',118.3,0
'C1468082478','4','M1649169323','es_sportsandtoys',7.67,0
'C2008400862','3','M480139044','es_health',164.31,0
'C738091100','2','M1535107174','es_wellnessandbeauty',54.25,0
'C746862122','3','M480139044','es_health',14.36,0
'C1886871597','4','M980657600','es_sportsandtoys',90.13,0
'C718589253','1','M1741626453','es_sportsandtoys',58.5,0
'C171345183','3','M855959430','es_hyper',128.69,0
'C1760524265','2','M1888755466','es_otherservices',59.04,0
'C417225282','2','M1198415165','es_wellnessandbeauty',2.62,0
'C2056015074','3','M1888755466','es_otherservices',36.89,0
'C756645719','2','M78078399','es_wellnessandbeauty',27.38,0
'C752612398','1','M50039827','es_health',36.65,0
'C34104097','1','M480139044','es_health',297.32,0
'C1174416804','4','M45060432','es_hotelservices',92.52,0
'C940412764','2','M980657600','es_sportsandtoys',205.12,0
'C621230638','4','M151143676','es_barsandrestaurants',18.99,0
'C1505467955','3','M677738360','es_contents',22.31,0
'C146553626','4','M97925176','es_wellnessandbeauty',34.65,0
'C1436756684','2','M1198415165','es_wellnessandbeauty',24.22,0
'C104392148','3','M1649169323','es_sportsandtoys',73.94,0
'C630302845','3','M1741626453','es_sportsandtoys',125.45,0
'C1403689550','2','M97925176','es_wellnessandbeauty',64.47,0
'C905744010','2','M855959430','es_hyper',71.32,0
'C100045114','4','M480139044','es_health',289.57,0
'C1818841328','2','M151143676','es_barsandrestaurants',63.67,0
'C2022102158','6','M1198415165','es_wellnessandbeauty',6.7,0
'C1350793893','1','M45060432','es_hotelservices',196.94,0
'C337165520','2','M1649169323','es_sportsandtoys',22.07,0
'C548427290','3','M480139044','es_health',2.75,0
'C835291219','2','M50039827','es_health',102.81,0
'C445134555','0','M480139044','es_health',123.0,0
'C1668825144','6','M855959430','es_hyper',66.99,0
'C628232611','2','M1649169323','es_sportsandtoys',100.84,0
'C623601481','3','M480139044','es_health',58.38,0
'C353985741','2','M97925176','es_wellnessandbeauty',40.41,0
'C1433318702','5','M1872033263','es_home',249.78,0
'C1834864466','2','M1913465890','es_health',127.03,0
'C1857140958','4','M1416436880','es_tech',15.52,0
'C612581943','3','M480139044','es_health',202.48,0
'C1028995887','2','M480139044','es_health',137.59,0
'C441400844','3','M547558035','es_fashion',152.87,0
'C2001505633','5','M980657600','es_sportsandtoys',147.4,0
'C1670516684','4','M1649169323','es_sportsandtoys',83.71,0
'C1848884864','2','M349281107','es_fashion',87.35,0
'C1038277619','6','M1198415165','es_wellnessandbeauty',44.97,0
'C2055156879','3','M855959430','es_hyper',8.48,0
'C1379814778','2','M45060432','es_hotelservices',24.83,0
'C306641104','3','M2122776122','es_home',78.45,0
'C1235359960','1','M480139044','es_health',74.21,0
'C388262831','2','M480139044','es_health',190.21,0
'C1979396384','2','M547558035','es_fashion',115.84,0
'C645539039','2','M480139044','es_health',99.23,0
'C2073207955','3','M1535107174','es_wellnessandbeauty',81.06,0
'C1714895875','2','M980657600','es_sportsandtoys',41.49,0
'C1067134113','4','M1352454843','es_hotelservices',29.9,0
'C750714109','3','M547558035','es_fashion',38.64,0
'C1030975170','1','M78078399','es_wellnessandbeauty',85.09,0
'C570277915','2','M1198415165','es_wellnessandbeauty',78.36,0
'C2126946323','2','M855959430','es_hyper',4.59,0
'C179648560','4','M547558035','es_fashion',75.32,0
'C1472480119','2','M1198415165','es_wellnessandbeauty',106.17,0
'C1628244008','2','M692898500','es_health',81.96,0
'C1002658784','3','M17379832','es_sportsandtoys',80.94,0
'C1716617782','2','M50039827','es_health',236.14,0
'C1161949399','2','M209847108','es_wellnessandbeauty',137.9,0
'C1551083784','2','M1600850729','es_fashion',57.65,0
'C230958403','2','M980657600','es_sportsandtoys',43.76,0
'C484067548','5','M1198415165','es_wellnessandbeauty',75.56,0
'C1777502922','2','M1198415165','es_wellnessandbeauty',73.69,0
'C1143401925','1','M1535107174','es_wellnessandbeauty',119.23,0
'C260437492','3','M1872033263','es_home',44.77,0
'C1129111658','5','M480139044','es_health',26.38,0
'C1174416804','4','M209847108','es_wellnessandbeauty',102.13,0
'C1735726583','5','M1649169323','es_sportsandtoys',64.53,0
'C274387846','3','M480139044','es_health',73.57,0
'C1977780197','1','M209847108','es_wellnessandbeauty',88.87,0
'C56852547','3','M547558035','es_fashion',86.55,0
'C1428252955','1','M50039827','es_health',163.14,0
'C1112424232','3','M349281107','es_fashion',28.8,0
'C1965496749','3','M1400236507','es_home',166.51,0
'C813786166','4','M1198415165','es_wellnessandbeauty',64.34,0
'C174977934','2','M1416436880','es_tech',175.55,0
'C478820701','3','M151143676','es_barsandrestaurants',23.59,0
'C671392477','4','M78078399','es_wellnessandbeauty',52.32,0
'C905744010','2','M97925176','es_wellnessandbeauty',31.45,0
'C330615170','2','M1535107174','es_wellnessandbeauty',15.85,0
'C144783459','3','M1872033263','es_home',96.38,0
'C1476505660','1','M1872033263','es_home',188.73,0
'C967677653','4','M480139044','es_health',127.93,0
'C1190687128','5','M692898500','es_health',337.39,0
'C1178005728','3','M1649169323','es_sportsandtoys',75.64,0
'C2144330803','2','M50039827','es_health',78.23,0
'C1992185297','3','M1535107174','es_wellnessandbeauty',121.69,0
'C190521845','3','M1649169323','es_sportsandtoys',170.79,0
'C183456137','1','M547558035','es_fashion',5.68,0
'C1283110336','1','M1913465890','es_health',126.54,0
'C652001804','2','M78078399','es_wellnessandbeauty',117.27,0
'C1101433185','2','M1198415165','es_wellnessandbeauty',44.19,0
'C1541224095','2','M855959430','es_hyper',9.35,0
'C1467832188','3','M1649169323','es_sportsandtoys',52.93,0
'C1271627744','4','M480139044','es_health',200.26,0
'C938819633','1','M45060432','es_hotelservices',172.64,0
'C897612698','4','M1535107174','es_wellnessandbeauty',41.37,0
'C965421722','1','M151143676','es_barsandrestaurants',29.54,0
'C1445931696','4','M45060432','es_hotelservices',75.2,0
'C660232446','4','M1198415165','es_wellnessandbeauty',17.56,0
'C822948524','3','M480139044','es_health',121.8,0
'C940143351','4','M45060432','es_hotelservices',50.77,0
'C1455309687','4','M1535107174','es_wellnessandbeauty',5.27,0
'C1991822900','3','M1400236507','es_home',201.35,0
'C548427290','3','M50039827','es_health',176.44,0
'C1100289413','3','M151143676','es_barsandrestaurants',10.27,0
'C200459252','1','M1400236507','es_home',288.97,0
'C76313164','3','M349281107','es_fashion',80.76,0
'C60324613','3','M17379832','es_sportsandtoys',133.2,0
'C1911908507','2','M1535107174','es_wellnessandbeauty',1.05,0
'C611520731','4','M692898500','es_health',221.19,0
'C277079859','3','M1535107174','es_wellnessandbeauty',14.36,0
'C2085650948','2','M677738360','es_contents',39.62,0
'C59912595','2','M97925176','es_wellnessandbeauty',46.36,0
'C1394467199','3','M480139044','es_health',84.1,0
'C1275741147','3','M1600850729','es_fashion',27.68,0
'C1605127736','2','M1600850729','es_fashion',75.11,0
'C54550671','4','M1888755466','es_otherservices',5.5,0
'C728864298','5','M349281107','es_fashion',36.76,0
'C576597517','3','M855959430','es_hyper',42.82,0
'C1497615115','2','M480139044','es_health',166.19,0
'C441989517','3','M480139044','es_health',15.79,0
'C1927223566','6','M855959430','es_hyper',48.95,0
'C1180936672','2','M855959430','es_hyper',46.28,0
'C1273692645','3','M923029380','es_home',67.32,0
'C1685492470','2','M980657600','es_sportsandtoys',120.14,0
'C1120165888','2','M480139044','es_health',34.13,0
'C2087229084','2','M348875670','es_hotelservices',57.85,0
'C1523854098','4','M78078399','es_wellnessandbeauty',29.46,0
'C1307336396','2','M1352454843','es_hotelservices',315.04,0
'C74966273','2','M1198415165','es_wellnessandbeauty',21.03,0
'C1354799046','3','M1888755466','es_otherservices',117.72,0
'C1607207670','2','M1313686961','es_contents',117.48,0
'C603081336','3','M45060432','es_hotelservices',106.87,0
'C2059060401','2','M692898500','es_health',161.87,0
'C1548873226','1','M1741626453','es_sportsandtoys',112.83,0
'C521213907','1','M1198415165','es_wellnessandbeauty',34.78,0
'C1045324088','2','M1198415165','es_wellnessandbeauty',19.13,0
'C1372042334','1','M1649169323','es_sportsandtoys',14.21,0
'C1398865038','3','M97925176','es_wellnessandbeauty',9.78,0
'C1780824451','5','M1888755466','es_otherservices',123.21,0
'C1269217373','2','M855959430','es_hyper',60.13,0
'C412473162','1','M151143676','es_barsandrestaurants',22.99,0
'C788057671','3','M1888755466','es_otherservices',112.33,0
'C1188590334','6','M1352454843','es_hotelservices',127.37,0
'C929919235','1','M480139044','es_health',125.02,0
'C1866572071','3','M1198415165','es_wellnessandbeauty',83.91,0
'C369566106','4','M50039827','es_health',47.63,0
'C450845582','2','M1198415165','es_wellnessandbeauty',2.99,0
'C1375512856','5','M209847108','es_wellnessandbeauty',16.49,0
'C861002792','3','M677738360','es_contents',56.69,0
'C168710517','4','M45060432','es_hotelservices',173.47,0
'C200459252','1','M1400236507','es_home',110.73,0
'C200459252','1','M1872033263','es_home',80.55,0
'C1789457872','2','M50039827','es_health',120.56,0
'C1100289413','3','M151143676','es_barsandrestaurants',23.48,0
'C589097761','3','M1888755466','es_otherservices',173.45,0
'C1022530210','4','M97925176','es_wellnessandbeauty',53.25,0
'C1467731939','3','M1400236507','es_home',67.11,0
'C274387846','3','M855959430','es_hyper',31.2,0
'C1030975170','1','M78078399','es_wellnessandbeauty',26.79,0
'C232517457','5','M855959430','es_hyper',46.13,0
'C1321650743','3','M97925176','es_wellnessandbeauty',108.33,0
'C1350963410','5','M480139044','es_health',202.25,0
'C1802714004','2','M1649169323','es_sportsandtoys',207.63,0
'C1889984788','4','M1198415165','es_wellnessandbeauty',11.06,0
'C1237248073','3','M480139044','es_health',61.61,0
'C444370508','5','M1313686961','es_contents',2.98,0
'C2094120486','2','M480139044','es_health',307.27,0
'C383709704','4','M78078399','es_wellnessandbeauty',88.9,0
'C910454738','4','M692898500','es_health',396.93,0
'C911364935','3','M209847108','es_wellnessandbeauty',98.21,0
'C478503155','2','M151143676','es_barsandrestaurants',20.5,0
'C1862556322','3','M692898500','es_health',125.92,0
'C230958403','2','M1741626453','es_sportsandtoys',142.69,0
'C822689044','2','M1416436880','es_tech',243.53,0
'C102364766','2','M17379832','es_sportsandtoys',218.92,0
'C2079453894','3','M1741626453','es_sportsandtoys',246.1,0
'C624012210','3','M1600850729','es_fashion',159.45,0
'C989321907','4','M1649169323','es_sportsandtoys',150.11,0
'C952397244','4','M45060432','es_hotelservices',77.93,0
'C446179646','5','M1600850729','es_fashion',7.09,0
'C1991822900','3','M1400236507','es_home',199.88,0
'C1991822900','3','M1872033263','es_home',12.35,0
'C445134555','0','M480139044','es_health',222.84,0
'C719598710','5','M692898500','es_health',108.12,0
'C422403315','0','M1198415165','es_wellnessandbeauty',24.29,0
'C407368472','3','M151143676','es_barsandrestaurants',45.93,0
'C635603510','2','M855959430','es_hyper',2.55,0
'C231476583','1','M1741626453','es_sportsandtoys',57.6,0
'C811638781','2','M855959430','es_hyper',28.95,0
'C2130894809','2','M2011752106','es_hotelservices',23.21,0
'C155412783','5','M1416436880','es_tech',143.04,0
'C1424007721','4','M97925176','es_wellnessandbeauty',75.59,0
'C2008400862','3','M480139044','es_health',79.77,0
'C678324895','3','M692898500','es_health',309.37,0
'C1332295774','3','M50039827','es_health',166.88,0
'C47376492','3','M1649169323','es_sportsandtoys',175.66,0
'C995844287','5','M151143676','es_barsandrestaurants',56.53,0
'C1156745710','1','M1741626453','es_sportsandtoys',181.57,0
'C447271561','3','M840466850','es_tech',34.36,0
'C296571542','2','M855959430','es_hyper',17.42,0
'C758426828','2','M480139044','es_health',253.23,0
'C272748313','4','M209847108','es_wellnessandbeauty',47.28,0
'C531109799','5','M1888755466','es_otherservices',213.76,0
'C380564257','3','M855959430','es_hyper',52.33,0
'C1182534509','2','M45060432','es_hotelservices',249.53,0
'C1887326984','2','M1400236507','es_home',180.18,0
'C430579454','4','M855959430','es_hyper',1.09,0
'C150820973','2','M1600850729','es_fashion',104.93,0
'C1453917071','5','M2122776122','es_home',210.67,0
'C445178285','3','M1198415165','es_wellnessandbeauty',33.33,0
'C1449000407','2','M45060432','es_hotelservices',57.02,0
'C475831512','2','M840466850','es_tech',270.5,0
'C831378949','2','M480139044','es_health',70.73,0
'C813128680','2','M1888755466','es_otherservices',6.04,0
'C1708403061','1','M980657600','es_sportsandtoys',6.76,0
'C1128349548','2','M45060432','es_hotelservices',101.84,0
'C1344489848','4','M855959430','es_hyper',18.47,0
'C1575367607','3','M1649169323','es_sportsandtoys',200.18,0
'C399061526','2','M480139044','es_health',239.81,0
'C1214828746','2','M692898500','es_health',332.01,0
'C1233360048','2','M1198415165','es_wellnessandbeauty',75.34,0
'C791033780','6','M97925176','es_wellnessandbeauty',103.42,0
'C193924578','4','M1198415165','es_wellnessandbeauty',16.74,0
'C2118328869','2','M1888755466','es_otherservices',298.81,0
'C1926972512','3','M45060432','es_hotelservices',193.94,0
'C1794686407','2','M677738360','es_contents',16.86,0
'C477892356','4','M151143676','es_barsandrestaurants',46.76,0
'C1207935724','4','M1535107174','es_wellnessandbeauty',23.41,0
'C1207935724','4','M1198415165','es_wellnessandbeauty',13.01,0
'C937166633','3','M1198415165','es_wellnessandbeauty',23.73,0
'C1819254965','6','M349281107','es_fashion',29.99,0
'C1575599226','4','M480139044','es_health',282.41,0
'C1013313546','2','M97925176','es_wellnessandbeauty',30.94,0
'C1080813886','4','M855959430','es_hyper',53.78,0
'C1959396051','6','M97925176','es_wellnessandbeauty',30.53,0
'C350553475','1','M45060432','es_hotelservices',51.79,0
'C991774315','3','M1649169323','es_sportsandtoys',206.53,0
'C576597517','3','M1535107174','es_wellnessandbeauty',118.02,0
'C995235283','3','M480139044','es_health',85.66,0
'C707360147','4','M1535107174','es_wellnessandbeauty',101.23,0
'C422403315','0','M1198415165','es_wellnessandbeauty',25.02,0
'C1148635270','3','M980657600','es_sportsandtoys',126.44,0
'C1289834917','2','M2122776122','es_home',92.49,0
'C1763342131','2','M349281107','es_fashion',152.38,0
'C2058916086','2','M855959430','es_hyper',36.81,0
'C1275518867','5','M151143676','es_barsandrestaurants',9.77,0
'C169775918','5','M50039827','es_health',7.89,0
'C790600178','6','M480139044','es_health',25.87,0
'C445178285','3','M1649169323','es_sportsandtoys',84.42,0
'C16680464','2','M45060432','es_hotelservices',33.79,0
'C208151769','1','M1198415165','es_wellnessandbeauty',6.88,0
'C2080088206','5','M1649169323','es_sportsandtoys',162.5,0
'C965421722','1','M151143676','es_barsandrestaurants',21.57,0
'C1862240946','3','M1198415165','es_wellnessandbeauty',19.01,0
'C1789457872','2','M1741626453','es_sportsandtoys',17.56,0
'C2096367617','2','M1873032707','es_hotelservices',175.76,0
'C1769359992','3','M1649169323','es_sportsandtoys',54.68,0
'C2079453894','3','M1741626453','es_sportsandtoys',103.28,0
'C1174735331','3','M209847108','es_wellnessandbeauty',39.47,0
'C602498884','2','M1198415165','es_wellnessandbeauty',20.13,0
'C1598564853','2','M1353266412','es_hotelservices',46.54,0
'C874725016','2','M677738360','es_contents',57.16,0
'C140234280','2','M151143676','es_barsandrestaurants',28.5,0
'C2075935351','U','M17379832','es_sportsandtoys',155.45,0
'C149511515','5','M1198415165','es_wellnessandbeauty',26.46,0
'C1164613439','2','M349281107','es_fashion',53.97,0
'C521436442','3','M1913465890','es_health',131.92,0
'C1881495517','1','M1649169323','es_sportsandtoys',0.74,0
'C440694138','2','M50039827','es_health',17.22,0
'C717773873','2','M349281107','es_fashion',169.22,0
'C995844287','5','M855959430','es_hyper',74.18,0
'C1069648311','2','M1400236507','es_home',85.62,0
'C73760959','6','M1649169323','es_sportsandtoys',105.02,0
'C937166633','3','M1352454843','es_hotelservices',101.17,0
'C2082187659','2','M923029380','es_home',247.0,0
'C974315171','3','M1649169323','es_sportsandtoys',73.83,0
'C1496334304','2','M840466850','es_tech',316.94,0
'C632643861','2','M855959430','es_hyper',14.24,0
'C607062277','3','M855959430','es_hyper',53.57,0
'C1617547021','3','M855959430','es_hyper',23.47,0
'C763253161','3','M840466850','es_tech',29.44,0
'C1079254393','1','M1913465890','es_health',80.95,0
'C1267365709','3','M97925176','es_wellnessandbeauty',77.33,0
'C285545076','2','M1872033263','es_home',33.82,0
'C192974759','1','M45060432','es_hotelservices',130.89,0
'C2079453894','3','M50039827','es_health',44.42,0
'C1978080967','2','M209847108','es_wellnessandbeauty',131.82,0
'C2042503226','2','M3697346','es_leisure',88.97,0
'C59713083','4','M1649169323','es_sportsandtoys',59.03,0
'C1125717761','5','M45060432','es_hotelservices',194.15,0
'C2011875751','4','M840466850','es_tech',198.52,0
'C844772824','4','M1535107174','es_wellnessandbeauty',95.84,0
'C1005126300','4','M1600850729','es_fashion',34.14,0
'C1338572942','2','M480139044','es_health',267.67,0
'C841817769','3','M45060432','es_hotelservices',104.12,0
'C2112751068','5','M855959430','es_hyper',57.38,0
'C1434797923','3','M677738360','es_contents',98.09,0
'C1850870588','2','M209847108','es_wellnessandbeauty',67.32,0
'C442850319','1','M151143676','es_barsandrestaurants',51.9,0
'C1551465414','1','M855959430','es_hyper',33.47,0
'C1573211398','3','M1888755466','es_otherservices',11.21,0
'C1667002698','3','M349281107','es_fashion',49.35,0
'C477892356','4','M1600850729','es_fashion',65.74,0
'C1562537029','5','M1649169323','es_sportsandtoys',68.79,0
'C1902378891','5','M1416436880','es_tech',9.56,0
'C965801920','3','M151143676','es_barsandrestaurants',41.71,0
'C1655037147','2','M923029380','es_home',26.75,0
'C656405809','1','M1352454843','es_hotelservices',94.76,0
'C968150727','2','M1600850729','es_fashion',81.59,0
'C1744280753','2','M1352454843','es_hotelservices',204.26,0
'C553434543','2','M1400236507','es_home',142.66,0
'C1632035340','6','M17379832','es_sportsandtoys',212.11,0
'C1100510913','2','M1946091778','es_wellnessandbeauty',10.42,0
'C1228152586','1','M1872033263','es_home',110.84,0
'C2084566155','2','M1198415165','es_wellnessandbeauty',123.84,0
'C1992803690','2','M855959430','es_hyper',14.91,0
'C1510402289','2','M1600850729','es_fashion',107.31,0
'C23049140','5','M1649169323','es_sportsandtoys',138.58,0
'C2014915363','2','M1198415165','es_wellnessandbeauty',16.0,0
'C1540577903','2','M50039827','es_health',206.62,0
'C204205576','3','M480139044','es_health',81.45,0
'C164104645','5','M677738360','es_contents',26.54,0
'C1369559766','3','M1888755466','es_otherservices',148.39,0
'C436675602','2','M692898500','es_health',26.15,0
'C1163804561','5','M50039827','es_health',308.06,0
'C1938976805','2','M349281107','es_fashion',186.46,0
'C639699427','3','M50039827','es_health',176.45,0
'C1382187685','1','M1535107174','es_wellnessandbeauty',77.32,0
'C309177915','3','M480139044','es_health',115.64,0
'C1084001812','2','M692898500','es_health',187.03,0
'C1921196241','3','M151143676','es_barsandrestaurants',41.96,0
'C553434543','2','M855959430','es_hyper',122.94,0
'C914250073','2','M2122776122','es_home',99.84,0
'C1001065306','1','M1198415165','es_wellnessandbeauty',83.5,0
'C1656381290','1','M1198415165','es_wellnessandbeauty',107.17,0
'C1813823560','3','M50039827','es_health',161.3,0
'C1154631581','5','M1649169323','es_sportsandtoys',22.1,0
'C350034124','1','M1294758098','es_leisure',61.03,0
'C594793398','2','M855959430','es_hyper',7.8,0
'C1994736634','4','M151143676','es_barsandrestaurants',64.53,0
'C1671770086','2','M1649169323','es_sportsandtoys',197.26,0
'C995844287','5','M855959430','es_hyper',4.97,0
'C1096642744','5','M480139044','es_health',60.41,0
'C1214828746','2','M1649169323','es_sportsandtoys',36.25,0
'C181787207','3','M45060432','es_hotelservices',208.83,0
'C588841669','2','M78078399','es_wellnessandbeauty',127.48,0
'C173276320','2','M1649169323','es_sportsandtoys',161.35,0
'C553121592','3','M980657600','es_sportsandtoys',95.31,0
'C277079859','3','M1888755466','es_otherservices',115.24,0
'C1114685649','3','M677738360','es_contents',2.41,0
'C1630887376','4','M17379832','es_sportsandtoys',19.37,0
'C1124718683','0','M480139044','es_health',78.52,0
'C1818021493','2','M1400236507','es_home',144.56,0
'C1943108967','6','M97925176','es_wellnessandbeauty',17.63,0
'C19820082','5','M840466850','es_tech',0.12,0
'C130979586','2','M980657600','es_sportsandtoys',94.39,0
'C228882909','2','M840466850','es_tech',218.24,0
'C1468001998','3','M480139044','es_health',38.52,0
'C1468001998','3','M50039827','es_health',124.0,0
'C272752096','3','M1400236507','es_home',188.71,0
'C1433132752','3','M677738360','es_contents',74.34,0
'C2017390387','1','M1198415165','es_wellnessandbeauty',30.83,0
'C245019752','2','M209847108','es_wellnessandbeauty',146.75,0
'C1994736634','4','M209847108','es_wellnessandbeauty',79.73,0
'C1694165271','2','M97925176','es_wellnessandbeauty',11.39,0
'C621230638','4','M349281107','es_fashion',19.63,0
'C619451848','2','M151143676','es_barsandrestaurants',20.35,0
'C1002759277','1','M1600850729','es_fashion',73.75,0
'C402758720','3','M97925176','es_wellnessandbeauty',82.75,0
'C342292849','4','M480139044','es_health',103.3,0
'C575345520','2','M1198415165','es_wellnessandbeauty',109.33,0
'C1806256044','3','M1888755466','es_otherservices',92.73,0
'C623601481','3','M480139044','es_health',9.68,0
'C413843100','3','M1313686961','es_contents',22.3,0
'C975211427','2','M1872033263','es_home',136.33,0
'C582688427','5','M45060432','es_hotelservices',135.25,0
'C1324001180','2','M50039827','es_health',266.22,0
'C602498884','2','M1535107174','es_wellnessandbeauty',10.77,0
'C1156346576','4','M1788569036','es_sportsandtoys',230.11,0
'C1501124312','4','M78078399','es_wellnessandbeauty',79.16,0
'C512338137','3','M1872033263','es_home',182.14,0
'C1298891864','2','M692898500','es_health',104.01,0
'C1993791093','5','M1198415165','es_wellnessandbeauty',123.22,0
'C1630887376','4','M50039827','es_health',217.34,0
'C595076943','1','M1313686961','es_contents',14.25,0
'C1897792872','3','M1198415165','es_wellnessandbeauty',92.18,0
'C599293124','4','M480139044','es_health',24.31,0
'C1233238493','2','M840466850','es_tech',31.71,0
'C682814633','2','M840466850','es_tech',80.0,0
'C645521146','3','M480139044','es_health',155.36,0
'C1994736634','4','M151143676','es_barsandrestaurants',87.03,0
'C48179336','1','M480139044','es_health',47.59,0
'C656901929','4','M2011752106','es_hotelservices',73.36,0
'C1236533874','2','M349281107','es_fashion',110.15,0
'C1425719203','1','M1649169323','es_sportsandtoys',119.89,0
'C469059843','5','M45060432','es_hotelservices',82.84,0
'C1348847019','3','M855959430','es_hyper',24.62,0
'C1005495267','1','M1400236507','es_home',154.38,0
'C1986701933','3','M97925176','es_wellnessandbeauty',32.32,0
'C484067548','5','M980657600','es_sportsandtoys',29.48,0
'C169775918','5','M692898500','es_health',88.85,0
'C715527139','1','M980657600','es_sportsandtoys',51.41,0
'C1232725180','3','M1888755466','es_otherservices',41.32,0
'C706599076','2','M480139044','es_health',61.98,0
'C2009344338','2','M480139044','es_health',36.27,0
'C1653588482','2','M547558035','es_fashion',85.61,0
'C1388726904','3','M349281107','es_fashion',85.34,0
'C638223659','4','M349281107','es_fashion',135.76,0
'C2027310658','4','M1649169323','es_sportsandtoys',40.6,0
'C764316727','5','M1888755466','es_otherservices',90.06,0
'C2060778761','5','M1535107174','es_wellnessandbeauty',46.49,0
'C1036903280','4','M923029380','es_home',7.12,0
'C2016997607','2','M1400236507','es_home',185.17,0
'C412473162','1','M151143676','es_barsandrestaurants',13.24,0
'C967790734','4','M855959430','es_hyper',20.82,0
'C1461183154','5','M97925176','es_wellnessandbeauty',62.21,0
'C483912131','2','M1535107174','es_wellnessandbeauty',47.63,0
'C1529207541','2','M732195782','es_travel',1084.11,0
'C136606306','4','M97925176','es_wellnessandbeauty',83.8,0
'C1686098746','0','M980657600','es_sportsandtoys',186.23,0
'C647931416','3','M1198415165','es_wellnessandbeauty',21.54,0
'C1180570487','6','M1400236507','es_home',193.33,0
'C1966964007','3','M1842530320','es_tech',75.04,0
'C905744010','2','M97925176','es_wellnessandbeauty',0.39,0
'C1751458006','3','M980657600','es_sportsandtoys',37.58,0
'C1236503001','2','M349281107','es_fashion',114.34,0
'C2054233026','3','M1872033263','es_home',111.06,0
'C1340235335','3','M1888755466','es_otherservices',46.92,0
'C928090253','3','M50039827','es_health',113.46,0
'C500992269','2','M45060432','es_hotelservices',207.42,0
'C1555517201','6','M1198415165','es_wellnessandbeauty',97.41,0
'C1992185297','3','M480139044','es_health',153.23,0
'C1903013338','3','M1535107174','es_wellnessandbeauty',112.12,0
'C2144562698','1','M480139044','es_health',263.05,0
'C465037281','4','M1198415165','es_wellnessandbeauty',9.1,0
'C2076671849','4','M1535107174','es_wellnessandbeauty',28.12,0
'C771207119','4','M1913465890','es_health',359.49,0
'C1332295774','3','M2011752106','es_hotelservices',80.13,0
'C1350963410','5','M1535107174','es_wellnessandbeauty',23.89,0
'C1653588482','2','M480139044','es_health',148.55,0
'C969284083','3','M97925176','es_wellnessandbeauty',17.05,0
'C1585648581','4','M1400236507','es_home',209.52,0
'C60324613','3','M50039827','es_health',147.04,0
'C2043823425','4','M45060432','es_hotelservices',133.9,0
'C579037870','6','M480139044','es_health',72.7,0
'C366069783','4','M1400236507','es_home',207.71,0
'C1511497789','1','M151143676','es_barsandrestaurants',65.4,0
'C665566426','3','M1913465890','es_health',178.16,0
'C1304285526','5','M1913465890','es_health',149.16,0
'C502238060','2','M480139044','es_health',110.67,0
'C375144053','6','M480139044','es_health',5.23,0
'C2055489140','5','M209847108','es_wellnessandbeauty',62.04,0
'C1435043122','5','M45060432','es_hotelservices',210.18,0
'C1271627744','4','M480139044','es_health',45.0,0
'C211657450','1','M1198415165','es_wellnessandbeauty',85.51,0
'C1545977603','6','M980657600','es_sportsandtoys',115.54,0
'C704456922','2','M209847108','es_wellnessandbeauty',9.77,0
'C1586862598','3','M1535107174','es_wellnessandbeauty',9.8,0
'C651594350','3','M480139044','es_health',153.28,0
'C1791793827','4','M1600850729','es_fashion',93.69,0
'C2014915363','2','M480139044','es_health',316.12,0
'C995746715','3','M349281107','es_fashion',78.37,0
'C995746715','3','M1600850729','es_fashion',116.13,0
'C1859195979','3','M980657600','es_sportsandtoys',229.92,0
'C1983511229','3','M1913465890','es_health',200.15,0
'C199664659','2','M1198415165','es_wellnessandbeauty',53.1,0
'C371517012','2','M1198415165','es_wellnessandbeauty',9.44,0
'C703418892','2','M855959430','es_hyper',24.48,0
'C974315171','3','M97925176','es_wellnessandbeauty',7.93,0
'C5191822','1','M1198415165','es_wellnessandbeauty',40.48,0
'C1014347664','6','M151143676','es_barsandrestaurants',65.54,0
'C2105324799','4','M933210764','es_sportsandtoys',18.46,0
'C1740186506','3','M1400236507','es_home',204.36,0
'C1165343027','4','M1888755466','es_otherservices',87.17,0
'C220904895','3','M1416436880','es_tech',268.82,0
'C441989517','3','M1649169323','es_sportsandtoys',69.97,0
'C2080088206','5','M1198415165','es_wellnessandbeauty',7.47,0
'C1587738251','3','M855959430','es_hyper',59.5,0
'C350034124','1','M480139044','es_health',338.47,0
'C1066003783','3','M480139044','es_health',174.83,0
'C1791347994','3','M1198415165','es_wellnessandbeauty',93.7,0
'C791154308','0','M151143676','es_barsandrestaurants',82.26,0
'C2096367617','2','M1198415165','es_wellnessandbeauty',31.99,0
'C367052603','2','M980657600','es_sportsandtoys',186.06,0
'C811638781','2','M1400236507','es_home',107.05,0
'C738091100','2','M980657600','es_sportsandtoys',86.59,0
'C1282114843','2','M855959430','es_hyper',70.35,0
'C1207935724','4','M480139044','es_health',259.89,0
'C131915922','2','M45060432','es_hotelservices',155.03,0
'C537330939','3','M547558035','es_fashion',1.37,0
'C1455309687','4','M17379832','es_sportsandtoys',116.68,0
'C843083567','4','M349281107','es_fashion',14.44,0
'C619451848','2','M1913465890','es_health',262.25,0
'C320158645','2','M480139044','es_health',296.61,0
'C831378949','2','M480139044','es_health',145.73,0
'C1815981756','4','M151143676','es_barsandrestaurants',18.41,0
'C2128589842','3','M45060432','es_hotelservices',89.99,0
'C1897708405','4','M1649169323','es_sportsandtoys',42.71,0
'C74848504','3','M1600850729','es_fashion',12.35,0
'C1469453217','1','M1649169323','es_sportsandtoys',58.89,0
'C1432191075','0','M480139044','es_health',379.6,0
'C2018553540','4','M1600850729','es_fashion',106.73,0
'C62153477','3','M349281107','es_fashion',120.0,0
'C2042503226','2','M45060432','es_hotelservices',126.23,0
'C1165343027','4','M2122776122','es_home',523.11,0
'C1237476993','1','M50039827','es_health',66.6,0
'C403631555','4','M349281107','es_fashion',199.61,0
'C2054744914','4','M1535107174','es_wellnessandbeauty',19.18,0
'C347987512','2','M840466850','es_tech',121.62,0
'C1670516684','4','M1352454843','es_hotelservices',179.33,0
'C526635102','2','M45060432','es_hotelservices',161.21,0
'C2084566155','2','M151143676','es_barsandrestaurants',74.75,0
'C153962249','3','M1198415165','es_wellnessandbeauty',27.41,0
'C75208519','2','M1872033263','es_home',39.18,0
'C1637529334','2','M1416436880','es_tech',119.62,0
'C1653588482','2','M692898500','es_health',269.01,0
'C1403935304','3','M1352454843','es_hotelservices',221.79,0
'C116665031','2','M45060432','es_hotelservices',98.0,0
'C278484907','2','M2122776122','es_home',85.28,0
'C430579454','4','M78078399','es_wellnessandbeauty',72.16,0
'C1966964007','3','M17379832','es_sportsandtoys',95.8,0
'C1836308269','1','M97925176','es_wellnessandbeauty',2.46,0
'C1724556830','1','M1913465890','es_health',67.53,0
'C764092576','4','M1649169323','es_sportsandtoys',185.95,0
'C1852091130','3','M209847108','es_wellnessandbeauty',35.34,0
'C825969892','2','M45060432','es_hotelservices',147.35,0
'C1545977603','6','M933210764','es_sportsandtoys',183.1,0
'C1048694975','4','M1198415165','es_wellnessandbeauty',21.31,0
'C1981040988','4','M1726401631','es_travel',1283.09,0
'C342292849','4','M480139044','es_health',114.47,0
'C1249352100','5','M1649169323','es_sportsandtoys',126.53,0
'C897612698','4','M1198415165','es_wellnessandbeauty',115.03,0
'C912671040','1','M1649169323','es_sportsandtoys',42.59,0
'C1057259459','3','M1198415165','es_wellnessandbeauty',49.46,0
'C928090253','3','M480139044','es_health',168.51,0
'C2031167542','2','M1913465890','es_health',195.7,0
'C1332295774','3','M50039827','es_health',79.19,0
'C1033736586','4','M840466850','es_tech',1.65,0
'C835291219','2','M50039827','es_health',39.96,0
'C896659218','4','M855959430','es_hyper',70.13,0
'C929298953','4','M151143676','es_barsandrestaurants',51.98,0
'C1491518488','5','M855959430','es_hyper',106.56,0
'C279399121','3','M1600850729','es_fashion',9.36,0
'C181413412','4','M480139044','es_health',146.96,0
'C1305339250','4','M855959430','es_hyper',75.15,0
'C2001505633','5','M2122776122','es_home',151.2,0
'C475928775','4','M1198415165','es_wellnessandbeauty',9.53,0
'C1788358708','2','M1352454843','es_hotelservices',154.09,0
'C521595859','2','M50039827','es_health',163.27,0
'C763005836','3','M349281107','es_fashion',117.5,0
'C1333661820','2','M45060432','es_hotelservices',30.56,0
'C2012683959','2','M78078399','es_wellnessandbeauty',28.35,0
'C2117938225','4','M97925176','es_wellnessandbeauty',23.42,0
'C2017140130','4','M151143676','es_barsandrestaurants',27.15,0
'C465037281','4','M78078399','es_wellnessandbeauty',25.5,0
'C637279747','4','M2122776122','es_home',88.22,0
'C430579454','4','M855959430','es_hyper',39.14,0
'C145208657','2','M1649169323','es_sportsandtoys',156.89,0
'C928481238','2','M1741626453','es_sportsandtoys',78.44,0
'C719449879','6','M1198415165','es_wellnessandbeauty',72.7,0
'C1454826238','2','M692898500','es_health',80.65,0
'C1464489812','4','M1888755466','es_otherservices',54.95,0
'C1477378413','3','M1888755466','es_otherservices',8.4,0
'C1605182199','3','M1649169323','es_sportsandtoys',35.16,0
'C1240560903','4','M1535107174','es_wellnessandbeauty',71.75,0
'C1564693206','4','M1946091778','es_wellnessandbeauty',15.54,0
'C1355010178','2','M1946091778','es_wellnessandbeauty',123.97,0
'C1084001812','2','M692898500','es_health',54.86,0
'C1367581052','4','M840466850','es_tech',12.85,0
'C812882942','1','M45060432','es_hotelservices',55.22,0
'C1345586046','1','M1535107174','es_wellnessandbeauty',46.96,0
'C615816786','2','M855959430','es_hyper',12.69,0
'C1142956269','4','M480139044','es_health',41.46,0
'C1142956269','4','M50039827','es_health',101.16,0
'C1952040134','3','M1416436880','es_tech',3.49,0
'C932908444','1','M1888755466','es_otherservices',176.82,0
'C446179646','5','M45060432','es_hotelservices',96.67,0
'C1333661820','2','M855959430','es_hyper',27.28,0
'C65424442','3','M2122776122','es_home',107.3,0
'C586110529','3','M1198415165','es_wellnessandbeauty',101.26,0
'C586110529','3','M209847108','es_wellnessandbeauty',10.09,0
'C1995039136','2','M840466850','es_tech',294.73,0
'C1079965849','2','M151143676','es_barsandrestaurants',60.02,0
'C836424975','3','M1649169323','es_sportsandtoys',65.21,0
'C179390259','4','M1649169323','es_sportsandtoys',18.14,0
'C1935421495','1','M1400236507','es_home',9.38,0
'C411390898','3','M348875670','es_hotelservices',125.07,0
'C849065220','4','M980657600','es_sportsandtoys',24.7,0
'C375144053','6','M1198415165','es_wellnessandbeauty',70.32,0
'C1161949399','2','M349281107','es_fashion',38.6,0
'C1475317372','1','M45060432','es_hotelservices',175.83,0
'C1156346576','4','M1788569036','es_sportsandtoys',225.1,0
'C1564253251','2','M1313686961','es_contents',46.61,0
'C1327124397','2','M45060432','es_hotelservices',248.19,0
'C133432771','2','M1913465890','es_health',195.87,0
'C766302474','4','M1535107174','es_wellnessandbeauty',119.87,0
'C1666444221','3','M1872033263','es_home',58.18,0
'C1573211398','3','M855959430','es_hyper',26.91,0
'C1211514218','3','M480139044','es_health',182.77,0
'C915739806','4','M480139044','es_health',4.84,0
'C831378949','2','M980657600','es_sportsandtoys',74.21,0
'C1690793519','2','M840466850','es_tech',209.28,0
'C441400844','3','M480139044','es_health',92.82,0
'C2017140130','4','M151143676','es_barsandrestaurants',23.02,0
'C370861553','2','M855959430','es_hyper',59.34,0
'C1582197917','2','M677738360','es_contents',89.22,0
'C529033504','2','M78078399','es_wellnessandbeauty',101.54,0
'C71938921','2','M1352454843','es_hotelservices',118.83,0
'C71938921','2','M45060432','es_hotelservices',47.85,0
'C1214582637','2','M97925176','es_wellnessandbeauty',17.91,0
'C909053762','6','M1198415165','es_wellnessandbeauty',15.62,0
'C1338020899','3','M78078399','es_wellnessandbeauty',40.19,0
'C897612698','4','M1198415165','es_wellnessandbeauty',25.74,0
'C22920054','3','M1400236507','es_home',119.57,0
'C1452020181','5','M45060432','es_hotelservices',58.97,0
'C932908444','1','M2011752106','es_hotelservices',28.09,0
'C443009341','2','M480139044','es_health',395.86,0
'C1536083561','2','M840466850','es_tech',28.11,0
'C1589138432','4','M855959430','es_hyper',29.67,0
'C1193582671','3','M78078399','es_wellnessandbeauty',118.8,0
'C1881708420','3','M1416436880','es_tech',14.28,0
'C1203244235','3','M677738360','es_contents',71.69,0
'C849065220','4','M933210764','es_sportsandtoys',76.32,0
'C1889984788','4','M1535107174','es_wellnessandbeauty',164.97,0
'C1582152156','5','M677738360','es_contents',14.86,0
'C793132240','4','M732195782','es_travel',731.49,0
'C895105444','3','M45060432','es_hotelservices',208.35,0
'C1507237884','2','M1600850729','es_fashion',138.95,0
'C1455309687','4','M855959430','es_hyper',30.9,0
'C34948851','3','M1198415165','es_wellnessandbeauty',55.94,0
'C249473604','4','M840466850','es_tech',168.6,0
'C1146143839','3','M45060432','es_hotelservices',110.66,0
'C253956131','6','M840466850','es_tech',150.0,0
'C381007057','1','M50039827','es_health',224.11,0
'C1547534233','2','M349281107','es_fashion',68.51,0
'C1105086283','1','M45060432','es_hotelservices',161.52,0
'C1944878458','6','M151143676','es_barsandrestaurants',83.81,0
'C1591008232','4','M1416436880','es_tech',31.74,0
'C1587738251','3','M1416436880','es_tech',7.96,0
'C553434543','2','M677738360','es_contents',17.68,0
'C1722275939','1','M480139044','es_health',182.88,0
'C1155259690','2','M692898500','es_health',16.33,0
'C1545977603','6','M692898500','es_health',99.79,0
'C1716617782','2','M1649169323','es_sportsandtoys',66.46,0
'C245117318','3','M480139044','es_health',143.95,0
'C197543842','4','M1198415165','es_wellnessandbeauty',54.18,0
'C1350963410','5','M1198415165','es_wellnessandbeauty',56.77,0
'C301422123','3','M1741626453','es_sportsandtoys',216.35,0
'C1401244511','3','M480139044','es_health',184.93,0
'C1130259702','3','M97925176','es_wellnessandbeauty',44.09,0
'C1652856443','2','M151143676','es_barsandrestaurants',42.77,0
'C1728122351','3','M1872033263','es_home',38.36,0
'C738091100','2','M480139044','es_health',285.14,0
'C124539163','2','M480139044','es_health',26.42,0
'C1125717761','5','M1913465890','es_health',49.15,0
'C1815102713','4','M980657600','es_sportsandtoys',163.79,0
'C419087520','2','M1400236507','es_home',79.72,0
'C1255231772','2','M349281107','es_fashion',115.22,0
'C704456922','2','M855959430','es_hyper',74.48,0
'C1392385769','3','M97925176','es_wellnessandbeauty',81.13,0
'C1816212551','1','M17379832','es_sportsandtoys',3.03,0
'C2091703695','4','M677738360','es_contents',13.95,0
'C1337135199','2','M50039827','es_health',218.35,0
'C481253497','3','M97925176','es_wellnessandbeauty',218.35,0
'C1155259690','2','M933210764','es_sportsandtoys',97.39,0
'C1175684338','2','M349281107','es_fashion',4.65,0
'C2118328869','2','M151143676','es_barsandrestaurants',52.06,0
'C185428348','2','M209847108','es_wellnessandbeauty',99.45,0
'C1886871597','4','M1535107174','es_wellnessandbeauty',38.75,0
'C2068909690','2','M840466850','es_tech',227.73,0
'C1667002698','3','M349281107','es_fashion',80.04,0
'C1497895052','2','M349281107','es_fashion',79.84,0
'C619464090','5','M1788569036','es_sportsandtoys',23.6,0
'C588841669','2','M1872033263','es_home',283.37,0
'C1791903269','3','M349281107','es_fashion',155.98,0
'C142595093','1','M1649169323','es_sportsandtoys',118.63,0
'C1877766749','2','M840466850','es_tech',54.48,0
'C1877766749','2','M1416436880','es_tech',267.34,0
'C472989518','3','M97925176','es_wellnessandbeauty',79.86,0
'C1771632349','4','M1400236507','es_home',151.67,0
'C1775239769','4','M480139044','es_health',80.6,0
'C170002529','2','M151143676','es_barsandrestaurants',112.43,0
'C1464489812','4','M840466850','es_tech',117.52,0
'C28065321','2','M980657600','es_sportsandtoys',19.18,0
'C1564260047','3','M1946091778','es_wellnessandbeauty',24.64,0
'C1142956269','4','M1649169323','es_sportsandtoys',107.67,0
'C1045324088','2','M349281107','es_fashion',130.09,0
'C186516178','3','M1198415165','es_wellnessandbeauty',80.81,0
'C413065793','2','M480139044','es_health',183.2,0
'C1571595392','2','M480139044','es_health',228.97,0
'C1571595392','2','M692898500','es_health',161.3,0
'C375144053','6','M480139044','es_health',318.98,0
'C697242067','5','M97925176','es_wellnessandbeauty',19.36,0
'C1994178184','4','M855959430','es_hyper',24.26,0
'C554819698','3','M1649169323','es_sportsandtoys',49.6,0
'C1625937550','2','M1416436880','es_tech',58.7,0
'C1202857292','3','M840466850','es_tech',230.81,0
'C961515074','3','M855959430','es_hyper',69.03,0
'C1297358265','3','M1649169323','es_sportsandtoys',18.49,0
'C1333401746','3','M855959430','es_hyper',6.48,0
'C297347471','4','M1649169323','es_sportsandtoys',3.98,0
'C573104116','4','M151143676','es_barsandrestaurants',18.43,0
'C507179979','2','M349281107','es_fashion',181.79,0
'C895561340','2','M2011752106','es_hotelservices',210.93,0
'C109947606','3','M1400236507','es_home',76.55,0
'C366069783','4','M1400236507','es_home',101.45,0
'C1817842389','5','M151143676','es_barsandrestaurants',57.62,0
'C686669439','3','M45060432','es_hotelservices',148.49,0
'C2014915363','2','M980657600','es_sportsandtoys',121.27,0
'C1108967401','1','M349281107','es_fashion',75.13,0
'C1890466358','3','M980657600','es_sportsandtoys',207.11,0
'C1903013338','3','M348875670','es_hotelservices',36.82,0
'C1980302296','1','M840466850','es_tech',133.35,0
'C39112485','6','M1416436880','es_tech',104.75,0
'C296571542','2','M209847108','es_wellnessandbeauty',33.22,0
'C241463462','6','M349281107','es_fashion',102.18,0
'C843458267','1','M1535107174','es_wellnessandbeauty',79.87,0
'C688041542','2','M480139044','es_health',235.3,0
'C2059060401','2','M209847108','es_wellnessandbeauty',11.42,0
'C1714385979','3','M1400236507','es_home',95.45,0
'C1949984685','2','M45060432','es_hotelservices',98.65,0
'C822948524','3','M1649169323','es_sportsandtoys',140.66,0
'C614111561','1','M209847108','es_wellnessandbeauty',30.91,0
'C411390898','3','M980657600','es_sportsandtoys',118.2,0
'C560376591','2','M1400236507','es_home',140.13,0
'C1804573810','2','M840466850','es_tech',80.17,0
'C1591612680','2','M45060432','es_hotelservices',25.28,0
'C2128589842','3','M1913465890','es_health',27.65,0
'C1938976805','2','M855959430','es_hyper',63.92,0
'C620327304','4','M1788569036','es_sportsandtoys',210.93,0
'C1491518488','5','M1649169323','es_sportsandtoys',44.04,0
'C911364935','3','M45060432','es_hotelservices',16.66,0
'C297347471','4','M1352454843','es_hotelservices',84.33,0
'C496697462','4','M547558035','es_fashion',17.44,0
'C1711218892','2','M45060432','es_hotelservices',184.29,0
'C1520545421','1','M840466850','es_tech',259.6,0
'C706599076','2','M50039827','es_health',203.47,0
'C1850482225','4','M547558035','es_fashion',31.94,0
'C365152877','2','M1649169323','es_sportsandtoys',104.58,0
'C186516178','3','M1535107174','es_wellnessandbeauty',168.36,0
'C1690793519','2','M45060432','es_hotelservices',4.6,0
'C356750222','2','M45060432','es_hotelservices',90.51,0
'C721654925','2','M855959430','es_hyper',20.42,0
'C306839491','2','M840466850','es_tech',46.37,0
'C904725981','1','M1198415165','es_wellnessandbeauty',79.77,0
'C1575367607','3','M78078399','es_wellnessandbeauty',17.96,0
'C1082301057','3','M933210764','es_sportsandtoys',157.57,0
'C1563705147','5','M209847108','es_wellnessandbeauty',33.82,0
'C73919470','3','M45060432','es_hotelservices',241.91,0
'C1572610482','3','M1198415165','es_wellnessandbeauty',17.96,0
'C913841043','3','M855959430','es_hyper',5.73,0
'C788057671','3','M2011752106','es_hotelservices',101.97,0
'C961515074','3','M97925176','es_wellnessandbeauty',53.03,0
'C1354768768','1','M1872033263','es_home',87.62,0
'C1051985937','2','M1748431652','es_wellnessandbeauty',37.64,0
'C1983968298','4','M480139044','es_health',241.17,0
'C781322360','3','M1400236507','es_home',44.12,0
'C473451132','2','M855959430','es_hyper',90.69,0
'C1607323693','3','M1872033263','es_home',152.57,0
'C1657671280','3','M547558035','es_fashion',79.37,0
'C350034124','1','M1535107174','es_wellnessandbeauty',62.56,0
'C279066833','2','M1400236507','es_home',91.59,0
'C1101633489','1','M1748431652','es_wellnessandbeauty',60.83,0
'C1731163929','2','M45060432','es_hotelservices',11.45,0
'C1214628974','2','M1872033263','es_home',126.5,0
'C186516178','3','M480139044','es_health',201.52,0
'C281474709','5','M1400236507','es_home',183.2,0
'C1173530601','2','M1946091778','es_wellnessandbeauty',78.73,0
'C1791347994','3','M1198415165','es_wellnessandbeauty',58.25,0
'C402758720','3','M480139044','es_health',319.28,0
'C761606185','2','M980657600','es_sportsandtoys',77.48,0
'C2068909690','2','M1416436880','es_tech',127.43,0
'C909053762','6','M855959430','es_hyper',27.21,0
'C790593937','3','M97925176','es_wellnessandbeauty',4.38,0
'C186516178','3','M1888755466','es_otherservices',10.65,0
'C800967034','3','M480139044','es_health',193.96,0
'C1539474222','2','M1198415165','es_wellnessandbeauty',186.5,0
'C1487582791','3','M855959430','es_hyper',8.16,0
'C1284327050','2','M1352454843','es_hotelservices',191.71,0
'C158030246','4','M50039827','es_health',6.95,0
'C1350963410','5','M209847108','es_wellnessandbeauty',13.84,0
'C288684762','3','M840466850','es_tech',174.57,0
'C243130666','4','M980657600','es_sportsandtoys',43.64,0
'C616528518','4','M45060432','es_hotelservices',193.26,0
'C1237476993','1','M1649169323','es_sportsandtoys',114.71,0
'C619464090','5','M151143676','es_barsandrestaurants',6.66,0
'C1983734850','3','M855959430','es_hyper',48.83,0
'C1108967401','1','M349281107','es_fashion',68.18,0
'C706757729','3','M840466850','es_tech',96.57,0
'C1382187685','1','M547558035','es_fashion',1.2,0
'C60026962','2','M1741626453','es_sportsandtoys',167.8,0
'C1352750459','6','M1198415165','es_wellnessandbeauty',40.88,0
'C1780201239','1','M97925176','es_wellnessandbeauty',150.22,0
'C232299558','3','M840466850','es_tech',86.97,0
'C1837295173','2','M78078399','es_wellnessandbeauty',24.9,0
'C727658706','5','M1416436880','es_tech',67.24,0
'C1080032135','6','M349281107','es_fashion',28.06,0
'C1857873865','2','M855959430','es_hyper',61.64,0
'C1977646698','3','M209847108','es_wellnessandbeauty',37.61,0
'C64700533','3','M480139044','es_health',128.23,0
'C718962269','3','M349281107','es_fashion',156.52,0
'C648063518','3','M45060432','es_hotelservices',79.26,0
'C1923945958','2','M348875670','es_hotelservices',7.93,0
'C389212629','2','M480139044','es_health',36.42,0
'C2134043204','3','M480139044','es_health',180.25,0
'C1269217373','2','M855959430','es_hyper',74.87,0
'C639699427','3','M1600850729','es_fashion',210.18,0
'C1566647188','1','M1535107174','es_wellnessandbeauty',125.85,0
'C442850319','1','M45060432','es_hotelservices',184.32,0
'C1298891864','2','M1872033263','es_home',11.11,0
'C1849046345','4','M732195782','es_travel',72.64,0
'C369566106','4','M855959430','es_hyper',78.04,0
'C1686035763','3','M547558035','es_fashion',88.98,0
'C2078688167','3','M1600850729','es_fashion',0.38,0
'C278501873','2','M151143676','es_barsandrestaurants',86.18,0
'C909582983','3','M50039827','es_health',173.89,0
'C846596637','2','M840466850','es_tech',115.19,0
'C1035154937','6','M933210764','es_sportsandtoys',87.74,0
'C1686035763','3','M480139044','es_health',26.4,0
'C1502465707','4','M78078399','es_wellnessandbeauty',20.62,0
'C521595859','2','M480139044','es_health',130.13,0
'C1553941793','1','M1600850729','es_fashion',150.31,0
'C1590275312','2','M1535107174','es_wellnessandbeauty',27.77,0
'C1590275312','2','M1198415165','es_wellnessandbeauty',63.8,0
'C1741615821','3','M45060432','es_hotelservices',87.42,0
'C745099746','3','M840466850','es_tech',184.62,0
'C728864298','5','M1198415165','es_wellnessandbeauty',20.54,0
'C1871594117','1','M349281107','es_fashion',24.21,0
'C1174735331','3','M209847108','es_wellnessandbeauty',39.25,0
'C1502804084','2','M1888755466','es_otherservices',64.72,0
'C1979396384','2','M547558035','es_fashion',8.97,0
'C20027851','1','M1400236507','es_home',125.92,0
'C680687990','4','M1888755466','es_otherservices',185.56,0
'C1480367576','3','M1946091778','es_wellnessandbeauty',103.47,0
'C26045684','4','M1872033263','es_home',43.92,0
'C1134333439','3','M1400236507','es_home',299.84,0
'C1169771418','3','M349281107','es_fashion',113.24,0
'C1947369699','5','M480139044','es_health',7.87,0
'C571254990','3','M1600850729','es_fashion',8.75,0
'C759940472','2','M1400236507','es_home',8.75,0
'C1475317372','1','M480139044','es_health',257.7,0
'C914488986','4','M2122776122','es_home',79.29,0
'C272748313','4','M840466850','es_tech',242.28,0
'C895105444','3','M50039827','es_health',24.79,0
'C447509116','3','M855959430','es_hyper',13.9,0
'C1607207670','2','M1198415165','es_wellnessandbeauty',110.28,0
'C1125717761','5','M840466850','es_tech',81.98,0
'C1890466358','3','M692898500','es_health',183.48,0
'C1454826238','2','M692898500','es_health',5.23,0
'C1289834917','2','M692898500','es_health',5.82,0
'C632538178','3','M1198415165','es_wellnessandbeauty',152.35,0
'C1095087737','3','M1649169323','es_sportsandtoys',88.33,0
'C157427068','1','M840466850','es_tech',25.75,0
'C1382187685','1','M1198415165','es_wellnessandbeauty',7.93,0
'C1004109477','5','M1600850729','es_fashion',2.36,0
'C231044523','1','M349281107','es_fashion',50.03,0
'C2079453894','3','M1741626453','es_sportsandtoys',23.45,0
'C466569235','4','M78078399','es_wellnessandbeauty',3.31,0
'C1223439629','4','M1872033263','es_home',103.75,0
'C15485686','6','M97925176','es_wellnessandbeauty',46.13,0
'C1510535804','3','M480139044','es_health',176.48,0
'C1454671890','5','M97925176','es_wellnessandbeauty',121.68,0
'C1817318774','2','M1748431652','es_wellnessandbeauty',101.79,0
'C678324895','3','M547558035','es_fashion',111.33,0
'C222098023','3','M1913465890','es_health',28.98,0
'C1045850211','3','M349281107','es_fashion',117.39,0
'C1724556830','1','M1913465890','es_health',125.36,0
'C448612141','3','M45060432','es_hotelservices',20.21,0
'C1890466358','3','M1198415165','es_wellnessandbeauty',52.21,0
'C2006367089','6','M840466850','es_tech',134.6,0
'C1572595935','3','M855959430','es_hyper',86.21,0
'C2130327838','2','M1913465890','es_health',212.18,0
'C966214713','3','M1872033263','es_home',44.4,0
'C1956971543','1','M1416436880','es_tech',49.71,0
'C1827713539','4','M840466850','es_tech',203.51,0
'C751786199','6','M1416436880','es_tech',67.81,0
'C645521146','3','M45060432','es_hotelservices',243.07,0
'C449179311','2','M855959430','es_hyper',34.62,0
'C1428252955','1','M1352454843','es_hotelservices',100.71,0
'C1190687128','5','M1913465890','es_health',29.17,0
'C85142763','4','M78078399','es_wellnessandbeauty',12.38,0
'C1334045764','3','M1313686961','es_contents',72.32,0
'C61142824','3','M1313686961','es_contents',47.36,0
'C793132240','4','M840466850','es_tech',223.01,0
'C1927346472','1','M480139044','es_health',228.98,0
'C697242067','5','M45060432','es_hotelservices',161.33,0
'C1077245673','4','M1198415165','es_wellnessandbeauty',36.02,0
'C1174735331','3','M1788569036','es_sportsandtoys',232.04,0
'C1537903478','4','M78078399','es_wellnessandbeauty',78.82,0
'C1667929755','3','M349281107','es_fashion',137.71,0
'C1100337763','2','M1946091778','es_wellnessandbeauty',145.18,0
'C2128263275','2','M1913465890','es_health',150.86,0
'C1504341710','2','M840466850','es_tech',210.08,0
'C2005093875','5','M78078399','es_wellnessandbeauty',57.73,0
'C1501124312','4','M1913465890','es_health',216.69,0
'C1832119955','4','M677738360','es_contents',87.12,0
'C1688560702','2','M677738360','es_contents',73.41,0
'C261398093','3','M45060432','es_hotelservices',89.83,0
'C1147125608','2','M840466850','es_tech',159.49,0
'C1822295676','3','M2122776122','es_home',310.13,0
'C1104044396','1','M677738360','es_contents',1.76,0
'C1648082819','3','M840466850','es_tech',134.2,0
'C2020967123','3','M1352454843','es_hotelservices',57.57,0
'C350034124','1','M855959430','es_hyper',37.01,0
'C583110837','3','M732195782','es_travel',495.71,0
'C366069783','4','M840466850','es_tech',111.57,0
'C895561340','2','M1535107174','es_wellnessandbeauty',50.17,0
'C1699102063','4','M50039827','es_health',21.31,0
'C496697462','4','M480139044','es_health',37.32,0
'C678697032','2','M349281107','es_fashion',111.97,0
'C200459252','1','M855959430','es_hyper',4.62,0
'C1828345671','4','M1600850729','es_fashion',237.66,0
'C722887134','2','M840466850','es_tech',199.38,0
'C932908444','1','M480139044','es_health',66.06,0
'C496697462','4','M692898500','es_health',131.27,0
'C747590731','3','M97925176','es_wellnessandbeauty',98.95,0
'C637831009','3','M855959430','es_hyper',33.71,0
'C1570165892','3','M923029380','es_home',83.36,0
'C1573211398','3','M855959430','es_hyper',20.12,0
'C1463356115','4','M480139044','es_health',178.05,0
'C601255458','2','M480139044','es_health',180.17,0
'C1237248073','3','M480139044','es_health',26.79,0
'C1237248073','3','M50039827','es_health',102.24,0
'C166353588','2','M1888755466','es_otherservices',24.8,0
'C637279747','4','M1198415165','es_wellnessandbeauty',39.91,0
'C1803182614','2','M547558035','es_fashion',109.26,0
'C1689346810','4','M1198415165','es_wellnessandbeauty',51.52,0
'C74966273','2','M1400236507','es_home',130.15,0
'C1922157108','2','M45060432','es_hotelservices',3.89,0
'C1214628974','2','M1913465890','es_health',94.56,0
'C1767929602','2','M1649169323','es_sportsandtoys',87.28,0
'C971838371','4','M480139044','es_health',64.94,0
'C1810630647','2','M480139044','es_health',226.52,0
'C1431362064','1','M732195782','es_travel',748.33,0
'C2033917877','3','M480139044','es_health',212.7,0
'C840928568','1','M45060432','es_hotelservices',189.65,0
'C2078688167','3','M840466850','es_tech',29.2,0
'C1572610482','3','M1741626453','es_sportsandtoys',66.65,0
'C1014313887','5','M1600850729','es_fashion',103.71,0
'C128812892','2','M1649169323','es_sportsandtoys',108.15,0
'C2002713196','2','M2122776122','es_home',178.53,0
'C1338572942','2','M980657600','es_sportsandtoys',25.07,0
'C1173530601','2','M1946091778','es_wellnessandbeauty',12.11,0
'C1859195979','3','M480139044','es_health',164.31,0
'C1455309687','4','M1649169323','es_sportsandtoys',58.87,0
'C1586862598','3','M1400236507','es_home',203.5,0
'C1309403692','3','M1913465890','es_health',276.79,0
'C1564693206','4','M209847108','es_wellnessandbeauty',62.27,0
'C607062277','3','M840466850','es_tech',223.93,0
'C130979586','2','M480139044','es_health',142.07,0
'C484067548','5','M151143676','es_barsandrestaurants',28.41,0
'C1337135199','2','M980657600','es_sportsandtoys',69.07,0
'C994739890','5','M1600850729','es_fashion',15.97,0
'C719205737','3','M349281107','es_fashion',118.63,0
'C553434543','2','M349281107','es_fashion',82.46,0
'C543938207','2','M1198415165','es_wellnessandbeauty',25.67,0
'C430880678','2','M1400236507','es_home',244.51,0
'C1927223566','6','M840466850','es_tech',200.09,0
'C399777042','2','M349281107','es_fashion',14.94,0
'C1763311989','2','M677738360','es_contents',9.16,0
'C2078688167','3','M1913465890','es_health',202.96,0
'C1367581052','4','M855959430','es_hyper',93.52,0
'C1101213728','2','M1313686961','es_contents',108.36,0
'C682814633','2','M45060432','es_hotelservices',182.26,0
'C223315547','1','M1913465890','es_health',216.87,0
'C1385115265','2','M45060432','es_hotelservices',48.89,0
'C194016923','3','M855959430','es_hyper',59.34,0
'C936435497','4','M45060432','es_hotelservices',12.18,0
'C704456922','2','M1872033263','es_home',179.84,0
'C2136422351','2','M1198415165','es_wellnessandbeauty',17.89,0
'C1101433185','2','M45060432','es_hotelservices',134.21,0
'C1460082550','6','M45060432','es_hotelservices',114.12,0
'C296630818','3','M45060432','es_hotelservices',0.02,0
'C995235283','3','M1649169323','es_sportsandtoys',111.33,0
'C449262890','2','M1535107174','es_wellnessandbeauty',191.99,0
'C1938976805','2','M855959430','es_hyper',22.94,0
'C1978080967','2','M209847108','es_wellnessandbeauty',39.01,0
'C413065793','2','M50039827','es_health',142.28,0
'C909053762','6','M1872033263','es_home',31.63,0
'C787259637','1','M97925176','es_wellnessandbeauty',95.48,0
'C617723960','4','M480139044','es_health',103.27,0
